pair,seed,scenario_seed_p1,scenario_seed_p2,engine1,engine2,winner,dead1,dead2,capped,winner_reason,rounds,attack1,attack2,pieces1,pieces2,lines1,lines2,tspin_mini1,tspin_mini2,tspin_single1,tspin_single2,tspin_double1,tspin_double2,tspin_triple1,tspin_triple2,perfect_clear1,perfect_clear2,replay_failures
0,999,18381550880827766812,15295429377401983396,legacy,value,1,0,1,0,1,62,58,50,62,61,33,32,2,0,0,6,6,1,0,0,0,0,0
0,999,18381550880827766812,15295429377401983396,value,legacy,-1,1,0,0,2,301,299,322,300,301,212,211,5,3,16,17,17,17,0,0,0,0,0
1,999,2978397693786455620,14160904822368000665,legacy,value,1,0,1,0,1,303,322,300,303,302,215,217,4,3,15,21,15,14,0,0,0,0,0
1,999,2978397693786455620,14160904822368000665,value,legacy,1,0,1,0,1,117,141,113,117,116,75,82,1,0,8,8,5,4,0,0,0,0,0
2,999,3611959969582043022,12333405538903858353,legacy,value,-1,1,0,0,2,229,221,241,228,229,153,147,3,3,10,15,12,13,0,0,0,0,0
2,999,3611959969582043022,12333405538903858353,value,legacy,1,0,1,0,1,575,626,578,575,574,398,419,8,7,33,33,33,26,0,0,0,0,0
3,999,1966814569089966386,14718645008676448025,legacy,value,1,0,1,0,1,197,224,218,197,196,150,144,0,3,17,10,8,12,0,0,0,0,0
3,999,1966814569089966386,14718645008676448025,value,legacy,1,0,1,0,1,163,158,136,163,162,104,107,1,2,7,9,14,7,0,0,0,0,0
4,999,1061570441014347021,3995357556760542966,legacy,value,-1,1,0,0,2,641,663,711,640,641,477,459,5,3,38,32,29,37,0,0,1,0,0
4,999,1061570441014347021,3995357556760542966,value,legacy,-1,1,0,0,2,275,274,265,274,275,177,203,5,1,15,8,15,22,0,0,0,1,0
5,999,13881494196147957349,10653817680852787305,legacy,value,-1,1,0,0,2,87,76,97,86,87,50,54,0,1,4,6,8,5,0,0,0,0,0
5,999,13881494196147957349,10653817680852787305,value,legacy,-1,1,0,0,2,50,35,45,49,50,23,30,1,0,1,4,5,3,0,0,0,0,0
6,999,11721880010386473109,6753196255640073678,legacy,value,1,0,1,0,1,57,65,50,57,56,41,33,0,0,3,4,4,4,0,0,0,0,0
6,999,11721880010386473109,6753196255640073678,value,legacy,-1,1,0,0,2,176,178,175,175,176,110,129,1,3,11,11,11,7,0,0,0,0,0
7,999,838300301244726966,16400508555375571459,legacy,value,1,0,1,0,1,533,583,578,533,532,387,377,3,3,28,39,32,28,0,0,1,1,0
7,999,838300301244726966,16400508555375571459,value,legacy,-1,1,0,0,2,173,166,181,172,173,118,126,2,1,10,8,9,11,0,0,1,1,0
8,999,6878933412138778932,308206459249937845,legacy,value,1,0,1,0,1,219,235,234,219,218,172,150,0,4,8,7,11,14,0,0,0,1,0
8,999,6878933412138778932,308206459249937845,value,legacy,-1,1,0,0,2,44,31,45,43,44,18,23,0,0,3,4,2,1,0,0,0,0,0
9,999,10812897882220379426,16509371001989446701,legacy,value,1,0,1,0,1,237,264,256,237,236,180,170,2,5,14,15,7,10,0,0,0,1,0
9,999,10812897882220379426,16509371001989446701,value,legacy,1,0,1,0,1,58,65,50,58,57,40,33,1,0,2,2,2,4,0,0,0,0,0
10,999,17342512988463562818,10093473021070388655,legacy,value,1,0,1,0,1,782,816,828,782,781,588,560,12,7,37,47,44,44,0,0,0,1,0
10,999,17342512988463562818,10093473021070388655,value,legacy,-1,1,0,0,2,171,193,202,170,171,118,127,2,3,7,11,11,9,0,0,1,0,0
11,999,9132717347322269069,6407121494072224052,legacy,value,1,0,1,0,1,322,310,317,322,321,233,210,3,1,18,23,21,16,0,0,0,0,0
11,999,9132717347322269069,6407121494072224052,value,legacy,1,0,1,0,1,235,242,220,235,234,155,156,0,5,18,17,15,11,0,0,0,0,0
12,999,4029985633286232872,5016019512971635234,legacy,value,1,0,1,0,1,109,104,95,109,108,76,73,2,1,10,6,1,3,0,0,0,0,0
12,999,4029985633286232872,5016019512971635234,value,legacy,-1,1,0,0,2,66,54,67,65,66,34,43,1,1,3,1,5,4,0,0,0,0,0
13,999,11791004477495688812,5984066252381643687,legacy,value,-1,1,0,0,2,26,14,26,25,26,6,17,0,1,3,3,0,0,0,0,1,0,0
13,999,11791004477495688812,5984066252381643687,value,legacy,-1,1,0,0,2,27,18,31,26,27,11,17,0,2,3,2,0,0,0,0,1,0,0
14,999,10338041958978691756,3490964171559443752,legacy,value,1,0,1,0,1,365,377,376,365,364,271,247,2,2,18,19,24,29,0,0,0,0,0
14,999,10338041958978691756,3490964171559443752,value,legacy,-1,1,0,0,2,71,63,81,70,71,40,48,1,1,6,5,3,3,0,0,0,0,0
15,999,3280402623306092487,14289278981841504432,legacy,value,1,0,1,0,1,227,231,236,227,226,172,156,1,1,15,15,12,12,0,0,0,0,0
15,999,3280402623306092487,14289278981841504432,value,legacy,-1,1,0,0,2,57,39,48,56,57,23,29,1,1,3,4,3,3,0,0,0,0,0
16,999,16111899429014819505,406504808604311864,legacy,value,-1,1,0,0,2,208,207,233,207,208,145,143,4,0,11,10,10,15,0,0,0,0,0
16,999,16111899429014819505,406504808604311864,value,legacy,-1,1,0,0,2,114,107,105,113,114,60,76,0,1,6,5,9,6,0,0,0,0,0
17,999,11199284944446969126,580206713382995487,legacy,value,-1,1,0,0,2,237,213,238,236,237,156,156,1,2,17,11,14,14,0,0,0,0,0
17,999,11199284944446969126,580206713382995487,value,legacy,1,0,1,0,1,854,939,893,854,853,624,639,9,12,53,45,43,41,0,0,1,0,0
18,999,6856427688240647276,7789054207192559430,legacy,value,1,0,1,0,1,225,227,226,225,224,157,142,3,2,15,11,12,16,0,0,0,0,0
18,999,6856427688240647276,7789054207192559430,value,legacy,1,0,1,0,1,125,139,118,125,124,87,79,3,1,8,6,6,8,0,0,0,1,0
19,999,9639010951523475065,14253548391451705667,legacy,value,1,0,1,0,1,71,82,68,71,70,47,45,0,2,3,4,6,2,0,0,0,1,0
19,999,9639010951523475065,14253548391451705667,value,legacy,-1,1,0,0,2,60,51,59,59,60,31,45,0,0,3,7,5,0,0,0,1,0,0
20,999,17928609768252807853,7143090058434610914,legacy,value,-1,1,0,0,2,33,10,24,32,33,5,14,0,0,2,3,1,2,0,0,0,0,0
20,999,17928609768252807853,7143090058434610914,value,legacy,-1,1,0,0,2,174,180,198,173,174,129,131,1,2,10,11,6,8,0,0,2,0,0
21,999,10551269823739624846,17598895434823746206,legacy,value,1,0,1,0,1,101,114,113,101,100,77,61,0,0,7,7,4,6,0,0,0,0,0
21,999,10551269823739624846,17598895434823746206,value,legacy,1,0,1,0,1,39,44,26,39,38,23,19,0,0,4,2,1,2,0,0,0,0,0
22,999,9113667076076296889,10741424586748185279,legacy,value,1,0,1,0,1,400,436,434,400,399,297,280,3,2,25,25,18,18,0,0,0,1,0
22,999,9113667076076296889,10741424586748185279,value,legacy,-1,1,0,0,2,165,150,164,164,165,105,107,1,4,14,9,7,8,0,0,0,0,0
23,999,14775218347227005274,4192967329057750215,legacy,value,1,0,1,0,1,436,443,464,436,435,336,296,4,6,28,29,17,22,0,0,0,0,0
23,999,14775218347227005274,4192967329057750215,value,legacy,-1,1,0,0,2,789,880,856,788,789,556,611,6,7,47,49,47,33,0,0,0,1,0
24,999,4385837940642129806,7726636720670287874,legacy,value,1,0,1,0,1,139,153,147,139,138,99,90,2,1,10,11,6,5,0,0,0,0,0
24,999,4385837940642129806,7726636720670287874,value,legacy,-1,1,0,0,2,65,70,74,64,65,39,52,0,0,3,3,5,3,0,0,0,0,0
25,999,1307702943141539792,11725946800351255125,legacy,value,-1,1,0,0,2,264,263,281,263,264,186,189,1,4,14,19,16,12,0,0,1,0,0
25,999,1307702943141539792,11725946800351255125,value,legacy,1,0,1,0,1,594,653,589,594,593,404,446,7,7,31,30,38,32,0,1,1,0,0
26,999,11527263416601504682,272245110242119178,legacy,value,1,0,1,0,1,1200,1240,1270,1200,1199,880,832,16,10,72,77,56,69,0,0,0,2,0
26,999,11527263416601504682,272245110242119178,value,legacy,1,0,1,0,1,41,49,30,41,40,31,23,1,0,4,3,1,2,0,0,0,0,0
27,999,5382279693828982008,14893522238724083247,legacy,value,1,0,1,0,1,116,113,107,116,115,82,71,0,0,6,7,6,8,0,0,0,0,0
27,999,5382279693828982008,14893522238724083247,value,legacy,1,0,1,0,1,73,89,65,73,72,48,55,2,0,2,5,3,4,0,0,0,0,0
28,999,5478529957038183571,14866643345411673092,legacy,value,-1,1,0,0,2,1413,1436,1534,1412,1413,1073,1004,22,16,78,81,72,82,0,0,1,2,0
28,999,5478529957038183571,14866643345411673092,value,legacy,-1,1,0,0,2,68,64,71,67,68,35,45,1,1,3,6,6,2,0,0,0,0,0
29,999,2417155397844954483,2228339327398425440,legacy,value,1,0,1,0,1,50,51,43,50,49,32,27,0,0,1,2,4,5,0,0,0,0,0
29,999,2417155397844954483,2228339327398425440,value,legacy,-1,1,0,0,2,37,29,49,36,37,18,22,0,0,3,1,2,3,0,0,0,0,0
30,999,6933003069861945486,4667426340264607662,legacy,value,-1,1,0,0,2,206,215,227,205,206,145,153,1,2,14,13,11,11,0,0,1,0,0
30,999,6933003069861945486,4667426340264607662,value,legacy,-1,1,0,0,2,55,49,57,54,55,27,37,0,0,4,4,2,2,0,0,0,0,0
31,999,17827684565091540029,14432251160311478902,legacy,value,-1,1,0,0,2,301,326,363,300,301,234,222,3,3,15,15,17,17,0,0,0,0,0
31,999,17827684565091540029,14432251160311478902,value,legacy,1,0,1,0,1,130,146,120,130,129,90,86,0,0,6,5,11,8,0,0,0,0,0
32,999,15654461901874200069,4901802278798450111,legacy,value,1,0,1,0,1,218,241,238,218,217,168,154,3,3,15,14,6,11,0,0,0,0,0
32,999,15654461901874200069,4901802278798450111,value,legacy,1,0,1,0,1,167,171,152,167,166,112,108,2,4,10,9,9,6,0,0,0,0,0
33,999,5787464166956632254,5618754685576867999,legacy,value,-1,1,0,0,2,241,259,283,240,241,186,176,2,0,20,9,7,22,0,0,0,1,0
33,999,5787464166956632254,5618754685576867999,value,legacy,1,0,1,0,1,63,68,54,63,62,38,36,0,1,4,4,5,3,0,0,0,0,0
34,999,17925101437098832358,6911160071848799286,legacy,value,1,0,1,0,1,72,70,58,72,71,43,37,2,0,2,5,6,5,0,0,0,0,0
34,999,17925101437098832358,6911160071848799286,value,legacy,-1,1,0,0,2,69,56,67,68,69,42,49,0,0,4,5,3,4,0,0,0,0,0
35,999,875521368056923573,12773470259244546463,legacy,value,1,0,1,0,1,143,142,148,143,142,104,88,1,1,10,9,4,8,0,0,1,0,0
35,999,875521368056923573,12773470259244546463,value,legacy,-1,1,0,0,2,369,399,400,368,369,251,265,1,4,23,20,21,22,0,0,1,0,0
36,999,13958921874363894009,16319977348469342993,legacy,value,1,0,1,0,1,60,57,47,60,59,37,31,2,0,2,6,4,2,0,0,0,0,0
36,999,13958921874363894009,16319977348469342993,value,legacy,-1,1,0,0,2,266,276,280,265,266,180,201,0,1,14,15,15,15,0,0,0,0,0
37,999,12174598303167012848,1633537943222675901,legacy,value,1,0,1,0,1,32,34,21,32,31,20,12,0,0,1,3,3,2,0,0,0,0,0
37,999,12174598303167012848,1633537943222675901,value,legacy,-1,1,0,0,2,143,127,143,142,143,88,93,1,3,14,7,4,8,0,0,0,0,0
38,999,6090289624698895945,18133810478955322544,legacy,value,-1,1,0,0,2,256,255,294,255,256,203,186,4,2,16,14,6,13,0,0,0,0,0
38,999,6090289624698895945,18133810478955322544,value,legacy,1,0,1,0,1,57,59,47,57,56,34,30,0,1,1,3,5,3,0,0,0,0,0
39,999,13998703514414813701,11255971549830207663,legacy,value,1,0,1,0,1,570,567,588,570,569,423,386,7,3,39,32,23,40,0,0,0,0,0
39,999,13998703514414813701,11255971549830207663,value,legacy,-1,1,0,0,2,206,207,198,205,206,125,151,3,3,13,10,12,10,0,0,0,0,0
40,999,8094870050977809405,327812774925977185,legacy,value,1,0,1,0,1,41,41,33,41,40,24,21,0,0,3,3,1,1,0,0,0,0,0
40,999,8094870050977809405,327812774925977185,value,legacy,-1,1,0,0,2,519,550,545,518,519,364,395,3,4,38,30,26,26,0,0,0,0,0
41,999,15870872133521185186,11788386011312806791,legacy,value,-1,1,0,0,2,25,10,27,24,25,10,14,1,0,1,3,1,0,0,0,0,0,0
41,999,15870872133521185186,11788386011312806791,value,legacy,-1,1,0,0,2,123,108,119,122,123,67,81,1,1,6,8,10,7,0,0,0,0,0
42,999,6907633156088400131,2896845220103432667,legacy,value,-1,1,0,0,2,41,30,48,40,41,21,26,1,0,2,3,2,2,0,0,0,0,0
42,999,6907633156088400131,2896845220103432667,value,legacy,-1,1,0,0,2,169,201,205,168,169,113,137,2,1,9,10,10,5,0,0,0,0,0
43,999,16439899637537797435,11626430191019230771,legacy,value,-1,1,0,0,2,76,65,88,75,76,47,46,0,0,7,8,3,2,0,0,0,0,0
43,999,16439899637537797435,11626430191019230771,value,legacy,-1,1,0,0,2,71,73,75,70,71,41,57,0,0,4,4,5,1,0,0,0,0,0
44,999,8766547676489370692,6440909927750775942,legacy,value,1,0,1,0,1,103,121,98,103,102,69,73,0,1,5,7,7,3,0,0,0,0,0
44,999,8766547676489370692,6440909927750775942,value,legacy,-1,1,0,0,2,129,124,145,128,129,86,92,2,0,6,8,6,8,0,0,0,0,0
45,999,14093085793448290573,16068589023703875441,legacy,value,1,0,1,0,1,125,127,124,125,124,99,78,3,1,7,8,2,6,0,0,0,0,0
45,999,14093085793448290573,16068589023703875441,value,legacy,1,0,1,0,1,127,154,119,127,126,94,96,0,2,6,8,11,4,0,0,0,0,0
46,999,7484353436062000301,12167181428802484516,legacy,value,1,0,1,0,1,227,231,234,227,226,159,142,3,2,15,16,11,11,0,0,2,0,0
46,999,7484353436062000301,12167181428802484516,value,legacy,1,0,1,0,1,73,84,65,73,72,48,47,0,1,5,5,3,4,0,0,0,0,0
47,999,15076058471723694643,16012760041573821707,legacy,value,1,0,1,0,1,60,51,45,60,59,36,27,0,1,4,4,1,3,0,0,0,0,0
47,999,15076058471723694643,16012760041573821707,value,legacy,1,0,1,0,1,368,408,384,368,367,266,271,3,4,23,21,18,22,0,0,0,1,0
48,999,17667871891743029006,14938959752180983972,legacy,value,1,0,1,0,1,579,589,598,579,578,422,398,5,7,39,33,25,35,0,0,0,0,0
48,999,17667871891743029006,14938959752180983972,value,legacy,-1,1,0,0,2,799,848,852,798,799,580,594,9,13,47,35,38,41,0,0,0,0,0
49,999,7057826915789176280,17668902258314392875,legacy,value,1,0,1,0,1,399,434,435,399,398,321,298,7,4,13,23,26,20,0,0,0,0,0
49,999,7057826915789176280,17668902258314392875,value,legacy,1,0,1,0,1,46,61,34,46,45,29,27,0,2,3,2,3,1,0,0,0,0,0
50,999,11921842638807671469,6642800429116951342,legacy,value,-1,1,0,0,2,265,262,297,264,265,204,192,4,4,14,17,10,16,0,0,0,0,0
50,999,11921842638807671469,6642800429116951342,value,legacy,1,0,1,0,1,155,161,138,155,154,98,101,2,2,11,6,9,6,0,0,0,0,0
51,999,8611252525080343866,1240451582949763276,legacy,value,1,0,1,0,1,131,143,135,131,130,92,78,3,1,8,9,4,7,0,0,0,0,0
51,999,8611252525080343866,1240451582949763276,value,legacy,-1,1,0,0,2,143,134,158,142,143,97,93,1,1,10,5,7,8,0,0,0,0,0
52,999,1784632799573440455,9257455606338906140,legacy,value,1,0,1,0,1,334,333,326,334,333,229,217,3,0,20,26,15,17,0,0,0,0,0
52,999,1784632799573440455,9257455606338906140,value,legacy,1,0,1,0,1,108,112,99,108,107,79,74,2,1,6,7,2,5,0,0,0,0,0
53,999,3513245328830568878,301088435053969446,legacy,value,1,0,1,0,1,172,178,169,172,171,130,120,2,3,12,11,9,10,0,0,0,0,0
53,999,3513245328830568878,301088435053969446,value,legacy,1,0,1,0,1,131,163,127,131,130,87,101,0,4,8,5,5,5,0,0,0,0,0
54,999,433189151126234017,8012674985328518534,legacy,value,1,0,1,0,1,118,108,100,118,117,67,59,2,0,7,8,6,8,0,0,0,0,0
54,999,433189151126234017,8012674985328518534,value,legacy,-1,1,0,0,2,154,135,142,153,154,89,97,1,1,11,10,7,10,0,0,0,1,0
55,999,7630399331979385253,18287479510672754370,legacy,value,-1,1,0,0,2,56,49,71,55,56,36,35,0,0,4,2,3,6,0,0,0,0,0
55,999,7630399331979385253,18287479510672754370,value,legacy,1,0,1,0,1,276,313,291,276,275,199,208,3,1,14,13,12,18,0,0,1,0,0
56,999,8242160958663092423,14999584632616102503,legacy,value,1,0,1,0,1,399,408,413,399,398,309,278,7,7,23,24,16,23,0,0,1,1,0
56,999,8242160958663092423,14999584632616102503,value,legacy,1,0,1,0,1,520,554,506,520,519,340,359,3,1,32,40,34,22,0,0,1,1,0
57,999,8745831752444474395,7807858698332388183,legacy,value,1,0,1,0,1,37,42,27,37,36,21,18,0,1,2,2,3,2,0,0,0,0,0
57,999,8745831752444474395,7807858698332388183,value,legacy,-1,1,0,0,2,386,387,397,385,386,261,265,4,6,24,23,21,20,0,0,0,0,0
58,999,12510529982028780733,7241937552253233001,legacy,value,1,0,1,0,1,267,289,284,267,266,203,191,1,2,23,12,9,18,0,0,0,0,0
58,999,12510529982028780733,7241937552253233001,value,legacy,-1,1,0,0,2,310,305,312,309,310,204,216,4,1,20,22,15,17,0,0,0,0,0
59,999,1166133751356283668,7930368668968764501,legacy,value,1,0,1,0,1,268,266,269,268,267,203,177,1,2,15,16,14,16,0,0,0,0,0
59,999,1166133751356283668,7930368668968764501,value,legacy,-1,1,0,0,2,123,117,126,122,123,84,89,2,0,5,6,8,10,0,0,0,0,0
60,999,5472483024933235761,14308971162228654378,legacy,value,-1,1,0,0,2,93,79,97,92,93,56,57,0,0,4,5,7,6,0,0,0,0,0
60,999,5472483024933235761,14308971162228654378,value,legacy,-1,1,0,0,2,118,117,124,117,118,74,80,1,0,5,6,7,5,0,0,0,0,0
61,999,10529857894929506466,17456170730066182020,legacy,value,1,0,1,0,1,140,161,151,140,139,112,103,3,0,11,10,3,9,0,0,0,0,0
61,999,10529857894929506466,17456170730066182020,value,legacy,-1,1,0,0,2,419,439,445,418,419,306,316,8,2,24,28,17,15,0,0,0,0,0
62,999,18251674250468488888,4243512282924264015,legacy,value,1,0,1,0,1,700,763,767,700,699,523,499,5,8,38,45,32,31,0,0,0,1,0
62,999,18251674250468488888,4243512282924264015,value,legacy,-1,1,0,0,2,550,595,612,549,550,412,415,6,7,36,29,24,22,0,0,0,0,0
63,999,10043760812212948857,7501169322860056479,legacy,value,-1,1,0,0,2,128,130,151,127,128,89,85,2,0,6,13,9,2,0,0,0,0,0
63,999,10043760812212948857,7501169322860056479,value,legacy,-1,1,0,0,2,117,117,122,116,117,75,86,0,2,8,7,5,6,0,0,1,1,0
64,999,13485233032020055548,17285597868655537182,legacy,value,-1,1,0,0,2,71,56,76,70,71,38,39,0,1,6,5,4,3,0,0,0,1,0
64,999,13485233032020055548,17285597868655537182,value,legacy,-1,1,0,0,2,108,104,119,107,108,67,76,0,2,8,7,6,4,0,0,0,0,0
65,999,13359533578648413438,719731804306835564,legacy,value,-1,1,0,0,2,30,19,44,29,30,17,18,0,0,2,3,1,0,0,0,0,1,0
65,999,13359533578648413438,719731804306835564,value,legacy,-1,1,0,0,2,90,73,81,89,90,48,57,2,1,3,4,5,4,0,0,0,0,0
66,999,7379851793969872682,12794913497253799127,legacy,value,1,0,1,0,1,353,356,357,353,352,258,240,5,1,16,22,23,22,0,0,0,0,0
66,999,7379851793969872682,12794913497253799127,value,legacy,-1,1,0,0,2,48,36,53,47,48,24,26,1,0,2,4,3,3,0,0,0,0,0
67,999,11046020382686088063,1398979454337954358,legacy,value,1,0,1,0,1,267,314,291,267,266,193,190,2,4,16,13,16,15,0,0,0,0,0
67,999,11046020382686088063,1398979454337954358,value,legacy,-1,1,0,0,2,450,489,479,449,450,316,348,1,2,34,20,22,20,0,0,1,0,0
68,999,9101054983980320535,6811144631106435531,legacy,value,1,0,1,0,1,246,254,239,246,245,171,169,2,2,19,16,13,11,0,0,1,0,0
68,999,9101054983980320535,6811144631106435531,value,legacy,-1,1,0,0,2,24,14,27,23,24,6,15,0,1,3,2,0,1,0,0,1,0,0
69,999,3357941261870465850,13818749933667700881,legacy,value,1,0,1,0,1,1006,1101,1115,1006,1005,759,726,3,8,73,62,41,53,0,0,1,0,0
69,999,3357941261870465850,13818749933667700881,value,legacy,1,0,1,0,1,44,48,31,44,43,27,24,1,2,4,3,1,1,0,0,0,0,0
70,999,8585569203319599490,13298108913612570967,legacy,value,1,0,1,0,1,93,89,83,93,92,61,54,1,1,7,8,4,3,0,0,0,0,0
70,999,8585569203319599490,13298108913612570967,value,legacy,-1,1,0,0,2,38,24,35,37,38,11,18,1,0,3,1,1,3,0,0,1,0,0
71,999,7315298505387874853,9805609001300247463,legacy,value,-1,1,0,0,2,168,156,184,167,168,113,113,1,1,10,14,9,7,0,0,0,0,0
71,999,7315298505387874853,9805609001300247463,value,legacy,1,0,1,0,1,719,761,721,719,718,504,521,8,9,50,46,37,31,0,0,0,0,0
72,999,1168491695311991757,16908312220295433969,legacy,value,1,0,1,0,1,558,584,597,558,557,403,379,7,4,33,34,27,36,0,0,0,0,0
72,999,1168491695311991757,16908312220295433969,value,legacy,-1,1,0,0,2,172,175,192,171,172,119,124,2,0,9,14,12,5,0,0,0,0,0
73,999,14624492174943453450,1534614779018844137,legacy,value,1,0,1,0,1,138,164,138,138,137,96,95,1,0,7,10,10,5,0,0,0,0,0
73,999,14624492174943453450,1534614779018844137,value,legacy,1,0,1,0,1,99,118,93,99,98,69,75,0,0,8,7,4,1,0,0,1,0,0
74,999,12930641808595835895,1283329607213168653,legacy,value,1,0,1,0,1,731,784,819,731,730,578,531,9,6,44,39,31,43,1,0,0,1,0
74,999,12930641808595835895,1283329607213168653,value,legacy,1,0,1,0,1,162,197,181,162,161,126,118,1,1,10,8,8,6,0,0,0,0,0
75,999,7682837916606104295,8221953074924277778,legacy,value,1,0,1,0,1,391,429,411,391,390,286,285,5,6,22,27,23,15,0,0,0,0,0
75,999,7682837916606104295,8221953074924277778,value,legacy,-1,1,0,0,2,62,46,69,61,62,28,37,2,0,1,6,5,2,0,0,0,0,0
76,999,14040346235333160796,12875518752082093041,legacy,value,1,0,1,0,1,67,56,43,67,66,34,28,0,0,6,4,4,3,0,0,0,0,0
76,999,14040346235333160796,12875518752082093041,value,legacy,-1,1,0,0,2,27,9,26,26,27,11,12,0,0,2,3,0,1,0,0,0,1,0
77,999,17263443237620847908,509590350220015470,legacy,value,1,0,1,0,1,518,526,539,518,517,381,353,4,8,21,27,33,31,0,0,0,0,0
77,999,17263443237620847908,509590350220015470,value,legacy,1,0,1,0,1,200,224,199,200,199,142,149,1,4,9,7,15,9,1,0,0,0,0
78,999,13802999190396374832,5182480036678363988,legacy,value,1,0,1,0,1,428,436,445,428,427,322,303,2,4,22,26,24,26,0,0,1,0,0
78,999,13802999190396374832,5182480036678363988,value,legacy,1,0,1,0,1,238,266,242,238,237,164,167,3,1,16,13,10,13,0,0,0,0,0
79,999,1244131270576675375,2816395122127501144,legacy,value,-1,1,0,0,2,580,583,612,579,580,411,402,4,7,31,26,32,40,0,0,0,0,0
79,999,1244131270576675375,2816395122127501144,value,legacy,1,0,1,0,1,407,442,418,407,406,292,299,4,4,27,21,20,15,0,0,1,0,0
80,999,1031989873944794609,6887834142988754660,legacy,value,1,0,1,0,1,543,601,610,543,542,422,397,3,6,36,26,28,30,0,0,0,1,0
80,999,1031989873944794609,6887834142988754660,value,legacy,-1,1,0,0,2,265,277,272,264,265,190,211,3,3,16,17,14,10,0,0,0,0,0
81,999,14656119134496302926,679384435271887731,legacy,value,1,0,1,0,1,183,183,182,183,182,135,116,1,2,12,12,7,11,0,0,0,0,0
81,999,14656119134496302926,679384435271887731,value,legacy,-1,1,0,0,2,197,209,226,196,197,144,149,0,3,13,13,11,7,0,0,0,0,0
82,999,6967401715950034985,11307038261373621263,legacy,value,1,0,1,0,1,32,36,20,32,31,19,10,0,0,5,2,0,2,0,0,0,0,0
82,999,6967401715950034985,11307038261373621263,value,legacy,-1,1,0,0,2,72,61,76,71,72,43,49,1,1,4,2,4,7,0,0,0,0,0
83,999,10652450418056666775,13625317809065629474,legacy,value,1,0,1,0,1,178,199,205,178,177,143,121,5,2,9,6,4,11,0,0,0,0,0
83,999,10652450418056666775,13625317809065629474,value,legacy,-1,1,0,0,2,188,206,213,187,188,132,148,0,0,12,9,14,10,0,0,0,0,0
84,999,16868332502116975057,8174427132987262637,legacy,value,-1,1,0,0,2,232,213,230,231,232,149,154,3,2,18,14,9,13,0,0,0,1,0
84,999,16868332502116975057,8174427132987262637,value,legacy,1,0,1,0,1,359,383,371,359,358,253,249,4,0,18,23,24,17,0,0,0,1,0
85,999,7191605161220739692,2572377616259837358,legacy,value,1,0,1,0,1,209,228,213,209,208,151,136,4,1,14,17,7,9,0,0,0,1,0
85,999,7191605161220739692,2572377616259837358,value,legacy,-1,1,0,0,2,388,391,392,387,388,259,280,3,1,19,22,30,25,0,0,0,0,0
86,999,2833476592611952751,11019055937900449838,legacy,value,1,0,1,0,1,101,116,107,101,100,71,62,1,1,4,4,7,6,0,0,0,0,0
86,999,2833476592611952751,11019055937900449838,value,legacy,1,0,1,0,1,1410,1581,1491,1410,1409,1008,1072,8,14,78,85,84,71,0,0,0,1,0
87,999,7758910463658073577,3419981748522741910,legacy,value,1,0,1,0,1,195,177,197,195,194,156,118,3,3,10,13,6,10,0,0,0,1,0
87,999,7758910463658073577,3419981748522741910,value,legacy,1,0,1,0,1,158,196,166,158,157,110,119,1,3,8,5,10,9,0,0,0,0,0
88,999,15854608959003584322,16493750737947867071,legacy,value,1,0,1,0,1,135,143,148,135,134,110,91,1,0,5,7,9,11,0,0,0,0,0
88,999,15854608959003584322,16493750737947867071,value,legacy,1,0,1,0,1,466,520,478,466,465,355,371,3,7,29,26,22,18,0,0,1,0,0
89,999,18398473322949476933,3273305651414323667,legacy,value,1,0,1,0,1,247,279,274,247,246,184,173,2,4,19,11,11,16,0,0,0,1,0
89,999,18398473322949476933,3273305651414323667,value,legacy,-1,1,0,0,2,97,102,109,96,97,66,76,1,0,5,5,4,6,0,0,0,0,0
90,999,1189277486667547316,4688180480421719739,legacy,value,1,0,1,0,1,140,156,149,140,139,115,102,2,1,3,8,9,5,0,0,0,0,0
90,999,1189277486667547316,4688180480421719739,value,legacy,-1,1,0,0,2,139,144,149,138,139,93,103,0,1,8,6,11,9,0,0,0,1,0
91,999,12190974961636131119,9453429592996600830,legacy,value,1,0,1,0,1,137,121,120,137,136,90,75,1,1,11,10,4,8,0,0,0,0,0
91,999,12190974961636131119,9453429592996600830,value,legacy,1,0,1,0,1,100,99,84,100,99,63,61,1,1,4,6,6,5,0,0,0,0,0
92,999,9814027480883633502,17998518445301300127,legacy,value,-1,1,0,0,2,105,98,114,104,105,72,75,0,2,7,5,7,5,0,0,0,1,0
92,999,9814027480883633502,17998518445301300127,value,legacy,1,0,1,0,1,336,383,358,336,335,245,249,3,4,20,18,20,22,0,0,0,0,0
93,999,15932608868192792185,3828208450732796263,legacy,value,-1,1,0,0,2,277,259,300,276,277,202,180,5,5,18,15,8,14,0,0,0,0,0
93,999,15932608868192792185,3828208450732796263,value,legacy,-1,1,0,0,2,497,538,507,496,497,332,380,2,9,39,29,24,21,0,0,0,0,0
94,999,17242203498350540678,528705056615018592,legacy,value,-1,1,0,0,2,308,306,320,307,308,222,230,4,4,21,18,13,15,0,0,0,0,0
94,999,17242203498350540678,528705056615018592,value,legacy,-1,1,0,0,2,116,107,118,115,116,75,83,0,3,10,8,6,6,0,0,0,0,0
95,999,14437592029409109561,10919951848269414076,legacy,value,1,0,1,0,1,188,219,201,188,187,148,143,0,2,13,9,7,9,0,0,0,0,0
95,999,14437592029409109561,10919951848269414076,value,legacy,-1,1,0,0,2,496,544,527,495,496,363,395,7,4,32,30,24,22,0,0,0,0,0
96,999,15460062541105114520,5572425953182166119,legacy,value,1,0,1,0,1,269,273,272,269,268,198,185,1,3,18,22,15,11,0,0,0,0,0
96,999,15460062541105114520,5572425953182166119,value,legacy,1,0,1,0,1,461,514,490,461,460,339,342,2,6,25,25,29,25,0,0,1,1,0
97,999,17789788287038780334,15331114787088948972,legacy,value,-1,1,0,0,2,246,243,256,245,246,154,160,3,2,17,11,12,18,0,0,0,0,0
97,999,17789788287038780334,15331114787088948972,value,legacy,1,0,1,0,1,91,95,82,91,90,61,55,0,0,7,6,4,6,0,0,1,0,0
98,999,4458342759064201144,7067911009238336893,legacy,value,1,0,1,0,1,373,400,399,373,372,287,266,2,3,31,22,14,20,0,0,1,0,0
98,999,4458342759064201144,7067911009238336893,value,legacy,1,0,1,0,1,629,693,660,629,628,454,463,4,8,35,33,39,34,0,0,0,0,0
99,999,7964628393593110747,13341265983443572881,legacy,value,-1,1,0,0,2,203,195,218,202,203,132,139,4,1,15,10,8,16,0,0,0,0,0
99,999,7964628393593110747,13341265983443572881,value,legacy,-1,1,0,0,2,313,352,336,312,313,212,240,2,2,18,18,21,13,0,0,0,0,0
100,999,6938888942307077845,1733101651305485580,legacy,value,-1,1,0,0,2,504,522,556,503,504,369,359,4,5,24,34,27,21,0,0,0,0,0
100,999,6938888942307077845,1733101651305485580,value,legacy,-1,1,0,0,2,41,30,37,40,41,18,23,0,1,2,2,3,1,0,0,0,0,0
101,999,14785264461894409589,3757880088729239385,legacy,value,1,0,1,0,1,153,161,150,153,152,111,98,1,1,8,9,7,10,0,0,0,0,0
101,999,14785264461894409589,3757880088729239385,value,legacy,1,0,1,0,1,81,86,73,81,80,53,47,0,0,7,4,3,7,0,0,0,0,0
102,999,6391299337286169324,14853853790458779374,legacy,value,-1,1,0,0,2,376,376,406,375,376,269,263,2,6,23,21,17,19,0,0,1,1,0
102,999,6391299337286169324,14853853790458779374,value,legacy,-1,1,0,0,2,52,44,58,51,52,23,32,0,1,6,3,1,4,0,0,1,0,0
103,999,7522393581504037814,18104500562516616469,legacy,value,1,0,1,0,1,174,175,162,174,173,119,116,4,2,7,12,11,9,0,0,0,0,0
103,999,7522393581504037814,18104500562516616469,value,legacy,-1,1,0,0,2,67,69,89,66,67,44,50,0,1,4,5,5,2,0,0,0,0,0
104,999,2395779270359266021,13528937745637717212,legacy,value,1,0,1,0,1,72,70,64,72,71,39,38,1,1,4,4,5,4,0,0,0,0,0
104,999,2395779270359266021,13528937745637717212,value,legacy,1,0,1,0,1,546,616,565,546,545,400,425,10,5,22,29,30,26,0,0,0,0,0
105,999,11323000650778068133,13241669979264750811,legacy,value,-1,1,0,0,2,140,146,158,139,140,92,98,1,2,9,8,7,6,0,0,0,1,0
105,999,11323000650778068133,13241669979264750811,value,legacy,1,0,1,0,1,208,237,211,208,207,150,149,3,3,10,16,12,8,0,0,0,0,0
106,999,3368900397104752599,10312337377999081983,legacy,value,1,0,1,0,1,275,313,292,275,274,190,191,1,1,16,21,17,11,0,0,0,0,0
106,999,3368900397104752599,10312337377999081983,value,legacy,1,0,1,0,1,137,140,127,137,136,95,93,0,1,8,9,8,7,0,0,0,0,0
107,999,9627009906820095486,3073742082796967694,legacy,value,-1,1,0,0,2,116,115,134,115,116,86,90,1,0,6,7,4,6,0,0,0,0,0
107,999,9627009906820095486,3073742082796967694,value,legacy,1,0,1,0,1,218,234,203,218,217,134,143,2,0,12,20,15,7,0,0,1,1,0
108,999,14262560143590977135,10833492549598313239,legacy,value,1,0,1,0,1,132,152,146,132,131,103,87,1,2,5,5,9,9,0,0,0,1,0
108,999,14262560143590977135,10833492549598313239,value,legacy,-1,1,0,0,2,114,99,134,113,114,79,73,3,0,8,11,3,5,0,0,0,0,0
109,999,10939184859503206221,1723877436723120082,legacy,value,1,0,1,0,1,125,128,110,125,124,81,76,1,0,8,10,6,6,0,0,0,0,0
109,999,10939184859503206221,1723877436723120082,value,legacy,1,0,1,0,1,176,198,179,176,175,126,122,3,0,12,7,7,8,0,0,0,0,0
110,999,6498043515411177742,10437962363570047865,legacy,value,1,0,1,0,1,307,316,312,307,306,226,208,2,3,24,14,12,22,0,0,0,0,0
110,999,6498043515411177742,10437962363570047865,value,legacy,-1,1,0,0,2,42,30,53,41,42,18,26,1,1,3,3,1,2,0,0,0,0,0
111,999,18086976421189255466,15577389426148504619,legacy,value,-1,1,0,0,2,464,460,477,463,464,323,328,5,5,28,22,23,31,0,0,0,1,0
111,999,18086976421189255466,15577389426148504619,value,legacy,1,0,1,0,1,186,198,174,186,185,128,124,1,0,9,10,12,10,0,0,0,0,0
112,999,221167310705137608,5704498684997435498,legacy,value,-1,1,0,0,2,105,109,134,104,105,74,74,1,2,7,5,3,4,0,0,0,1,0
112,999,221167310705137608,5704498684997435498,value,legacy,-1,1,0,0,2,124,127,139,123,124,85,92,2,0,7,9,6,4,0,0,0,1,0
113,999,3923845532307507650,4990999178301770974,legacy,value,1,0,1,0,1,535,554,567,535,534,410,384,2,6,37,31,19,30,0,0,0,0,0
113,999,3923845532307507650,4990999178301770974,value,legacy,1,0,1,0,1,142,139,127,142,141,95,88,0,2,13,5,7,12,0,0,0,0,0
114,999,15033434067647017189,1248713502599691990,legacy,value,-1,1,0,0,2,168,175,187,167,168,124,126,0,2,12,6,9,9,0,0,0,0,0
114,999,15033434067647017189,1248713502599691990,value,legacy,1,0,1,0,1,164,183,157,164,163,112,111,0,2,9,7,14,12,0,0,0,0,0
115,999,12986370557546469690,9015454441777364773,legacy,value,1,0,1,0,1,226,240,234,226,225,165,154,3,5,15,12,11,10,0,0,1,0,0
115,999,12986370557546469690,9015454441777364773,value,legacy,1,0,1,0,1,630,689,634,630,629,433,463,6,6,38,35,39,30,0,0,1,0,0
116,999,8931324788809833459,15248384355782141148,legacy,value,1,0,1,0,1,233,262,245,233,232,169,161,3,2,13,15,12,14,0,0,0,0,0
116,999,8931324788809833459,15248384355782141148,value,legacy,-1,1,0,0,2,601,649,629,600,601,419,454,2,7,38,31,29,39,0,0,1,0,0
117,999,14755348578090235476,9615026556585621036,legacy,value,1,0,1,0,1,79,84,82,79,78,58,44,0,0,3,3,5,6,0,0,0,0,0
117,999,14755348578090235476,9615026556585621036,value,legacy,-1,1,0,0,2,55,51,56,54,55,28,35,1,1,2,3,4,3,0,0,0,0,0
118,999,13451692760729775374,14031595980351036587,legacy,value,1,0,1,0,1,75,80,68,75,74,57,47,0,3,5,5,1,2,0,0,0,0,0
118,999,13451692760729775374,14031595980351036587,value,legacy,1,0,1,0,1,331,381,349,331,330,237,240,1,4,20,20,21,13,0,0,0,0,0
119,999,1286751697152740995,7382738363417406334,legacy,value,1,0,1,0,1,98,106,100,98,97,73,60,0,2,8,5,3,5,0,0,0,0,0
119,999,1286751697152740995,7382738363417406334,value,legacy,1,0,1,0,1,222,239,214,222,221,153,153,0,3,14,13,13,11,0,0,0,0,0
120,999,9041762210509283210,14577528020188958667,legacy,value,1,0,1,0,1,69,62,62,69,68,48,35,2,1,4,2,2,6,0,0,0,0,0
120,999,9041762210509283210,14577528020188958667,value,legacy,-1,1,0,0,2,290,297,297,289,290,196,212,4,3,18,20,16,12,0,0,0,0,0
121,999,3848527637791044689,854387128325465832,legacy,value,1,0,1,0,1,193,200,198,193,192,149,136,5,4,10,11,9,6,0,0,0,0,0
121,999,3848527637791044689,854387128325465832,value,legacy,1,0,1,0,1,504,582,550,504,503,367,379,8,4,25,26,31,32,0,0,0,0,0
122,999,9640163324203998381,5506584806006492664,legacy,value,-1,1,0,0,2,40,31,37,39,40,21,27,0,1,2,2,3,2,0,0,0,0,0
122,999,9640163324203998381,5506584806006492664,value,legacy,1,0,1,0,1,50,57,38,50,49,30,28,0,2,2,2,3,1,0,0,0,0,0
123,999,10437785898991516487,8404076248072370284,legacy,value,-1,1,0,0,2,207,226,241,206,207,152,166,3,4,10,11,10,7,0,0,1,0,0
123,999,10437785898991516487,8404076248072370284,value,legacy,1,0,1,0,1,120,142,122,120,119,85,88,0,2,5,6,9,4,0,0,1,0,0
124,999,4682175445111302124,7015768639633684664,legacy,value,-1,1,0,0,2,575,599,646,574,575,425,411,8,7,38,37,25,32,0,0,0,0,0
124,999,4682175445111302124,7015768639633684664,value,legacy,1,0,1,0,1,219,243,216,219,218,151,153,2,3,15,13,12,13,0,0,0,0,0
125,999,6360215601743113713,18298637356205480704,legacy,value,1,0,1,0,1,208,214,221,208,207,161,142,3,0,16,14,8,14,0,0,0,0,0
125,999,6360215601743113713,18298637356205480704,value,legacy,1,0,1,0,1,283,307,278,283,282,199,211,1,5,16,15,20,10,0,0,1,0,0
126,999,14914321722324667434,13566302320244463276,legacy,value,-1,1,0,0,2,257,278,290,256,257,182,194,3,2,14,16,15,14,0,0,2,0,0
126,999,14914321722324667434,13566302320244463276,value,legacy,1,0,1,0,1,126,131,107,126,125,84,87,1,5,8,5,8,7,0,0,0,0,0
127,999,1708182213556484521,12322854690080731115,legacy,value,-1,1,0,0,2,149,128,146,148,149,95,100,1,1,6,13,11,7,0,0,0,0,0
127,999,1708182213556484521,12322854690080731115,value,legacy,-1,1,0,0,2,149,146,161,148,149,97,106,0,1,6,11,12,7,0,0,0,0,0
128,999,16825950017005940,12174802991737198643,legacy,value,1,0,1,0,1,66,62,49,66,65,42,37,0,0,6,7,4,2,0,0,0,0,0
128,999,16825950017005940,12174802991737198643,value,legacy,-1,1,0,0,2,112,115,118,111,112,67,75,0,1,7,6,3,6,1,0,0,0,0
129,999,12852724349637003756,1540024704109799670,legacy,value,-1,1,0,0,2,266,281,296,265,266,199,206,2,4,12,17,11,8,0,0,1,0,0
129,999,12852724349637003756,1540024704109799670,value,legacy,1,0,1,0,1,169,185,144,169,168,103,115,0,2,11,10,11,6,0,0,1,0,0
130,999,13665100748914594947,16752160392346684261,legacy,value,1,0,1,0,1,720,757,772,720,719,548,512,6,6,49,44,29,41,0,0,0,2,0
130,999,13665100748914594947,16752160392346684261,value,legacy,-1,1,0,0,2,214,216,233,213,214,152,148,4,1,16,14,9,11,0,0,0,0,0
131,999,13950362942298939458,16208284236790685548,legacy,value,-1,1,0,0,2,158,147,178,157,158,113,103,1,2,11,10,8,8,0,0,0,0,0
131,999,13950362942298939458,16208284236790685548,value,legacy,-1,1,0,0,2,399,414,394,398,399,255,289,4,1,24,25,23,18,0,0,2,0,0
132,999,8452259044979821667,17865755389708910915,legacy,value,-1,1,0,0,2,37,28,46,36,37,20,23,0,0,3,2,2,3,0,0,0,1,0
132,999,8452259044979821667,17865755389708910915,value,legacy,-1,1,0,0,2,181,205,212,180,181,128,147,1,2,12,10,10,10,0,0,0,0,0
133,999,10535994070520363046,8668889585192888423,legacy,value,1,0,1,0,1,1107,1175,1195,1107,1106,833,794,11,13,65,66,56,52,0,0,0,2,0
133,999,10535994070520363046,8668889585192888423,value,legacy,-1,1,0,0,2,255,262,278,254,255,183,188,4,1,16,16,11,18,0,0,0,0,0
134,999,7205847742719049721,11745534447304070887,legacy,value,1,0,1,0,1,24,32,17,24,23,17,9,0,0,1,1,1,2,0,0,0,0,0
134,999,7205847742719049721,11745534447304070887,value,legacy,1,0,1,0,1,603,659,637,603,602,449,452,9,8,29,34,32,31,0,0,0,0,0
135,999,13699652809958083786,15201664021488275059,legacy,value,1,0,1,0,1,275,285,272,275,274,191,187,5,3,17,15,11,18,0,0,0,0,0
135,999,13699652809958083786,15201664021488275059,value,legacy,-1,1,0,0,2,302,327,338,301,302,208,220,5,4,14,14,19,16,0,0,0,0,0
136,999,12208861678004723064,4766443890170971497,legacy,value,1,0,1,0,1,78,87,74,78,77,55,48,1,2,4,5,2,4,0,0,0,0,0
136,999,12208861678004723064,4766443890170971497,value,legacy,-1,1,0,0,2,462,489,475,461,462,305,332,3,2,32,35,23,18,0,0,1,0,0
137,999,7084485598859003114,8045308017175376088,legacy,value,1,0,1,0,1,412,431,448,412,411,316,285,4,4,18,27,24,23,0,0,1,0,0
137,999,7084485598859003114,8045308017175376088,value,legacy,-1,1,0,0,2,33,26,44,32,33,14,21,0,1,4,2,1,2,0,0,0,0,0
138,999,7872931879762382958,7281984898958438843,legacy,value,-1,1,0,0,2,305,311,341,304,305,223,218,1,4,18,19,15,18,0,0,0,0,0
138,999,7872931879762382958,7281984898958438843,value,legacy,-1,1,0,0,2,113,111,119,112,113,76,85,3,2,7,7,5,4,0,0,0,0,0
139,999,16532482892219162973,15903380318108837818,legacy,value,1,0,1,0,1,100,86,85,100,99,65,54,1,0,8,9,5,5,0,0,0,0,0
139,999,16532482892219162973,15903380318108837818,value,legacy,-1,1,0,0,2,32,23,36,31,32,14,21,0,0,1,4,3,1,0,0,0,0,0
140,999,1047736606847667772,12623217664028452310,legacy,value,1,0,1,0,1,105,120,97,105,104,73,73,1,1,5,5,7,7,0,0,0,0,0
140,999,1047736606847667772,12623217664028452310,value,legacy,-1,1,0,0,2,201,205,223,200,201,145,142,0,2,12,12,14,12,0,0,0,0,0
141,999,2885737421728068104,14215331845364769430,legacy,value,1,0,1,0,1,143,155,158,143,142,114,93,1,0,11,10,3,8,0,0,0,0,0
141,999,2885737421728068104,14215331845364769430,value,legacy,1,0,1,0,1,442,508,476,442,441,327,337,3,8,25,22,28,24,0,0,1,0,0
142,999,15615065344247082714,9998983136389025851,legacy,value,-1,1,0,0,2,41,23,33,40,41,17,19,0,1,2,3,2,1,0,0,0,0,0
142,999,15615065344247082714,9998983136389025851,value,legacy,1,0,1,0,1,122,116,105,122,121,81,78,0,2,11,6,6,5,0,0,0,0,0
143,999,9688078218344525282,17253973245633718639,legacy,value,1,0,1,0,1,489,516,515,489,488,366,350,5,6,28,25,25,28,0,0,0,0,0
143,999,9688078218344525282,17253973245633718639,value,legacy,-1,1,0,0,2,187,188,203,186,187,134,141,3,2,12,12,9,9,0,0,0,0,0
144,999,16180656181022664693,8866857557020530553,legacy,value,-1,1,0,0,2,109,90,107,108,109,63,73,0,1,8,6,6,6,0,0,1,1,0
144,999,16180656181022664693,8866857557020530553,value,legacy,-1,1,0,0,2,229,248,247,228,229,164,181,2,1,13,13,16,13,0,0,0,0,0
145,999,4315171069435567922,4448030835962369892,legacy,value,1,0,1,0,1,24,29,17,24,23,16,9,0,0,1,1,2,2,0,0,0,0,0
145,999,4315171069435567922,4448030835962369892,value,legacy,-1,1,0,0,2,115,107,117,114,115,73,79,0,1,8,8,8,6,0,0,0,0,0
146,999,14473263136012259404,8475790860914866315,legacy,value,1,0,1,0,1,230,237,244,230,229,169,145,2,2,18,15,5,10,0,0,1,0,0
146,999,14473263136012259404,8475790860914866315,value,legacy,-1,1,0,0,2,72,56,68,71,72,39,43,2,1,5,7,1,3,0,0,1,0,0
147,999,18400003205816384510,10463526303555262079,legacy,value,-1,1,0,0,2,244,234,264,243,244,178,169,1,2,16,13,11,15,0,0,0,0,0
147,999,18400003205816384510,10463526303555262079,value,legacy,-1,1,0,0,2,677,717,713,676,677,461,484,5,3,44,43,46,36,0,0,0,0,0
148,999,8070638106516130480,11487036713138570656,legacy,value,1,0,1,0,1,341,356,368,341,340,263,234,4,4,22,17,17,19,0,0,0,0,0
148,999,8070638106516130480,11487036713138570656,value,legacy,1,0,1,0,1,91,96,79,91,90,58,54,1,3,6,5,5,4,0,0,0,0,0
149,999,885741134217451743,5124492863049576900,legacy,value,-1,1,0,0,2,217,213,216,216,217,152,163,5,0,8,10,15,12,0,0,0,0,0
149,999,885741134217451743,5124492863049576900,value,legacy,1,0,1,0,1,84,85,64,84,83,53,49,0,2,8,7,4,1,0,0,0,0,0
150,999,2303501496046007680,4627098869055718416,legacy,value,1,0,1,0,1,148,159,141,148,147,99,93,1,2,8,7,8,6,0,0,0,0,0
150,999,2303501496046007680,4627098869055718416,value,legacy,-1,1,0,0,2,126,116,121,125,126,73,84,3,3,5,5,7,7,0,0,0,0,0
151,999,16069217383194141790,7490088074133929471,legacy,value,1,0,1,0,1,87,88,73,87,86,53,48,1,0,7,10,4,2,0,0,0,1,0
151,999,16069217383194141790,7490088074133929471,value,legacy,-1,1,0,0,2,398,445,427,397,398,281,311,5,5,16,23,25,20,0,0,0,0,0
152,999,2478101309756553836,4707979485154642385,legacy,value,1,0,1,0,1,672,704,718,672,671,509,481,7,4,40,42,31,36,0,0,0,1,0
152,999,2478101309756553836,4707979485154642385,value,legacy,-1,1,0,0,2,206,189,204,205,206,131,135,2,3,14,8,10,16,0,0,0,0,0
153,999,13056151385292312612,1841260214730568139,legacy,value,1,0,1,0,1,317,333,325,317,316,233,223,4,4,16,19,17,15,0,0,0,1,0
153,999,13056151385292312612,1841260214730568139,value,legacy,-1,1,0,0,2,72,79,97,71,72,53,57,0,0,5,1,2,6,0,0,0,0,0
154,999,11562054891610645303,2662901504544993439,legacy,value,-1,1,0,0,2,150,165,195,149,150,119,117,1,0,10,9,4,7,0,0,0,0,0
154,999,11562054891610645303,2662901504544993439,value,legacy,-1,1,0,0,2,154,186,189,153,154,116,129,0,2,8,10,8,7,0,0,1,0,0
155,999,3758970699605239306,1625536699224723508,legacy,value,-1,1,0,0,2,282,274,288,281,282,187,191,5,3,21,21,11,15,0,0,0,0,0
155,999,3758970699605239306,1625536699224723508,value,legacy,1,0,1,0,1,66,65,48,66,65,36,35,1,1,7,4,1,4,0,0,0,0,0
156,999,12721215223653568837,2630027349383438354,legacy,value,1,0,1,0,1,226,235,238,226,225,175,161,4,2,13,15,7,14,0,0,0,0,0
156,999,12721215223653568837,2630027349383438354,value,legacy,1,0,1,0,1,32,36,21,32,31,17,16,0,0,1,3,3,1,0,0,0,0,0
157,999,4459422215380246653,7549917212244844452,legacy,value,-1,1,0,0,2,216,209,238,215,216,159,148,1,4,8,15,16,9,0,0,0,0,0
157,999,4459422215380246653,7549917212244844452,value,legacy,1,0,1,0,1,159,175,150,159,158,112,106,0,3,9,6,8,9,0,0,0,0,0
158,999,13652723947538069664,6159440048762184180,legacy,value,1,0,1,0,1,133,125,122,133,132,86,73,0,1,7,10,5,4,0,0,1,1,0
158,999,13652723947538069664,6159440048762184180,value,legacy,1,0,1,0,1,181,192,179,181,180,134,130,0,2,12,12,9,8,0,0,0,0,0
159,999,1925637877841091540,3979700878129767479,legacy,value,1,0,1,0,1,113,128,116,113,112,82,78,2,0,4,7,10,6,0,0,0,0,0
159,999,1925637877841091540,3979700878129767479,value,legacy,1,0,1,0,1,210,225,190,210,209,135,149,1,4,11,10,15,6,0,0,0,0,0
160,999,3682618689488336691,12903893023836215983,legacy,value,1,0,1,0,1,94,101,91,94,93,68,57,0,0,5,4,5,4,0,0,0,0,0
160,999,3682618689488336691,12903893023836215983,value,legacy,1,0,1,0,1,124,129,113,124,123,85,90,0,2,6,6,5,4,0,0,0,0,0
161,999,6020754678621016964,13224063104868678235,legacy,value,-1,1,0,0,2,50,27,47,49,50,19,22,0,0,2,3,4,3,0,0,0,0,0
161,999,6020754678621016964,13224063104868678235,value,legacy,-1,1,0,0,2,58,47,59,57,58,25,38,1,1,2,3,5,3,0,0,0,0,0
162,999,4631080172285542740,1931402492092721376,legacy,value,1,0,1,0,1,33,39,26,33,32,22,14,1,0,1,4,2,1,0,0,0,0,0
162,999,4631080172285542740,1931402492092721376,value,legacy,1,0,1,0,1,244,280,253,244,243,180,188,2,1,11,17,14,13,0,0,0,0,0
163,999,18193371963817494399,4649141455684688088,legacy,value,1,0,1,0,1,159,143,134,159,158,103,93,2,2,10,13,8,6,0,0,0,0,0
163,999,18193371963817494399,4649141455684688088,value,legacy,-1,1,0,0,2,170,165,173,169,170,100,114,3,4,9,12,11,6,0,0,0,0,0
164,999,3586012356603064123,7307922936560595441,legacy,value,1,0,1,0,1,138,145,131,138,137,88,87,2,2,5,9,10,7,0,0,1,0,0
164,999,3586012356603064123,7307922936560595441,value,legacy,-1,1,0,0,2,403,432,432,402,403,288,304,1,5,29,30,20,8,0,0,0,0,0
165,999,14213224988075207819,14777233066377116853,legacy,value,-1,1,0,0,2,166,172,181,165,166,116,117,1,1,8,13,7,6,0,0,0,0,0
165,999,14213224988075207819,14777233066377116853,value,legacy,-1,1,0,0,2,334,339,355,333,334,229,236,1,2,19,14,19,26,0,0,0,0,0
166,999,1000291838598161560,11809879610305152472,legacy,value,1,0,1,0,1,39,37,24,39,38,23,15,1,0,3,2,2,3,0,0,0,0,0
166,999,1000291838598161560,11809879610305152472,value,legacy,-1,1,0,0,2,776,824,834,775,776,568,583,10,10,49,44,40,36,0,0,1,0,0
167,999,10038032378350645128,2635516064910834418,legacy,value,-1,1,0,0,2,31,20,34,30,31,11,18,0,0,2,4,2,1,0,0,0,1,0
167,999,10038032378350645128,2635516064910834418,value,legacy,-1,1,0,0,2,31,18,35,30,31,10,18,0,0,3,5,1,0,0,0,0,1,0
168,999,18310695927980625438,14163719326609188257,legacy,value,-1,1,0,0,2,48,34,55,47,48,28,29,0,1,3,4,3,1,0,0,0,0,0
168,999,18310695927980625438,14163719326609188257,value,legacy,-1,1,0,0,2,35,23,39,34,35,14,22,1,0,2,3,2,0,0,0,0,0,0
169,999,309280801516784244,14075309747572425958,legacy,value,1,0,1,0,1,306,346,340,306,305,234,217,1,0,20,15,12,19,0,0,0,0,0
169,999,309280801516784244,14075309747572425958,value,legacy,-1,1,0,0,2,197,215,230,196,197,139,153,3,1,10,15,12,10,0,0,0,0,0
170,999,95138734700657726,5552961558966342341,legacy,value,-1,1,0,0,2,41,25,48,40,41,19,19,0,0,4,2,1,2,0,0,0,0,0
170,999,95138734700657726,5552961558966342341,value,legacy,-1,1,0,0,2,174,163,187,173,174,114,117,0,0,10,14,10,9,0,0,1,0,0
171,999,1847779682152209362,1693425486501083657,legacy,value,1,0,1,0,1,89,94,74,89,88,54,46,1,0,6,6,6,6,0,0,0,0,0
171,999,1847779682152209362,1693425486501083657,value,legacy,-1,1,0,0,2,684,715,706,683,684,485,512,4,3,41,39,40,40,0,0,0,1,0
172,999,15428177997378833408,11025030645687765061,legacy,value,1,0,1,0,1,165,170,156,165,164,109,99,0,1,10,11,13,7,0,0,0,1,0
172,999,15428177997378833408,11025030645687765061,value,legacy,1,0,1,0,1,344,375,336,344,343,226,246,1,1,21,24,24,19,0,0,0,0,0
173,999,576824170562913600,6882140677336674001,legacy,value,-1,1,0,0,2,684,696,771,683,684,537,497,8,6,36,40,37,37,0,0,0,2,0
173,999,576824170562913600,6882140677336674001,value,legacy,-1,1,0,0,2,69,63,69,68,69,38,45,1,0,3,4,6,4,0,0,0,0,0
174,999,6985220187893515590,3852669353966888606,legacy,value,1,0,1,0,1,87,91,86,87,86,66,54,1,1,6,8,3,3,0,0,1,0,0
174,999,6985220187893515590,3852669353966888606,value,legacy,-1,1,0,0,2,270,269,272,269,270,183,194,4,5,13,19,17,10,0,0,0,0,0
175,999,303532423159331883,9321392885927653190,legacy,value,-1,1,0,0,2,349,365,393,348,349,250,245,2,6,21,17,16,21,0,0,0,1,0
175,999,303532423159331883,9321392885927653190,value,legacy,-1,1,0,0,2,351,369,367,350,351,240,261,3,1,19,30,17,13,0,0,0,0,0
176,999,4364393226949063344,2131844596780725954,legacy,value,-1,1,0,0,2,39,24,44,38,39,15,22,0,0,3,2,2,3,0,0,0,0,0
176,999,4364393226949063344,2131844596780725954,value,legacy,1,0,1,0,1,91,103,80,91,90,57,61,2,1,6,9,5,2,0,0,0,0,0
177,999,5896301633165076570,11136988594257176636,legacy,value,-1,1,0,0,2,292,298,312,291,292,207,212,6,5,15,18,17,14,0,0,0,0,0
177,999,5896301633165076570,11136988594257176636,value,legacy,-1,1,0,0,2,688,748,737,687,688,492,522,7,7,39,37,35,39,0,0,0,0,0
178,999,62495312098199735,12681170828532464890,legacy,value,1,0,1,0,1,26,29,13,26,25,16,7,0,0,2,3,2,0,0,0,0,0,0
178,999,62495312098199735,12681170828532464890,value,legacy,-1,1,0,0,2,131,122,138,130,131,74,84,1,2,10,8,6,8,0,0,0,0,0
179,999,12867492487415241215,18403942712179481218,legacy,value,1,0,1,0,1,223,226,228,223,222,162,142,3,2,15,13,9,15,0,0,0,0,0
179,999,12867492487415241215,18403942712179481218,value,legacy,-1,1,0,0,2,34,28,47,33,34,15,22,0,0,1,4,3,1,0,0,0,0,0
180,999,15819458250925092506,2515488410958387838,legacy,value,1,0,1,0,1,269,276,292,269,268,203,175,5,1,13,16,11,17,0,0,0,1,0
180,999,15819458250925092506,2515488410958387838,value,legacy,-1,1,0,0,2,293,311,299,292,293,186,221,3,2,11,18,22,14,0,0,0,0,0
181,999,11310056904752234230,16498983363193281357,legacy,value,-1,1,0,0,2,1100,1096,1146,1099,1100,792,770,12,11,67,69,54,67,0,0,0,1,0
181,999,11310056904752234230,16498983363193281357,value,legacy,-1,1,0,0,2,231,227,230,230,231,149,165,2,1,11,17,20,12,0,0,0,0,0
182,999,2608010805556352095,17760512267524419638,legacy,value,-1,1,0,0,2,77,69,87,76,77,43,45,1,0,5,4,5,6,0,0,0,0,0
182,999,2608010805556352095,17760512267524419638,value,legacy,1,0,1,0,1,192,218,187,192,191,128,135,0,2,10,10,13,9,0,0,0,0,0
183,999,17122019922387060948,10734202643052432556,legacy,value,1,0,1,0,1,108,119,105,108,107,76,73,2,0,6,5,8,5,0,0,1,0,0
183,999,17122019922387060948,10734202643052432556,value,legacy,1,0,1,0,1,329,357,350,329,328,241,230,1,3,22,19,16,18,0,0,0,0,0
184,999,17181771103870977334,5160078089494703775,legacy,value,1,0,1,0,1,340,377,373,340,339,260,246,2,3,20,19,18,21,0,1,0,0,0
184,999,17181771103870977334,5160078089494703775,value,legacy,-1,1,0,0,2,87,80,99,86,87,54,61,0,0,6,6,5,4,0,0,0,0,0
185,999,14157550735608256765,13776231602173007822,legacy,value,-1,1,0,0,2,22,10,22,21,22,4,13,0,1,2,3,1,0,0,0,0,0,0
185,999,14157550735608256765,13776231602173007822,value,legacy,1,0,1,0,1,291,344,309,291,290,217,219,2,2,15,20,18,15,0,0,0,0,0
186,999,7319707975977969365,10434369359105743228,legacy,value,1,0,1,0,1,194,210,193,194,193,141,136,0,3,10,13,14,10,0,0,0,0,0
186,999,7319707975977969365,10434369359105743228,value,legacy,-1,1,0,0,2,86,86,101,85,86,51,56,0,1,2,6,9,5,0,0,0,0,0
187,999,8542073339630922456,4997864703825769932,legacy,value,-1,1,0,0,2,64,49,65,63,64,33,38,0,0,4,5,4,4,0,0,0,0,0
187,999,8542073339630922456,4997864703825769932,value,legacy,1,0,1,0,1,367,394,374,367,366,256,249,4,3,19,16,24,28,0,0,0,0,0
188,999,4495358067520065302,3835727054873191369,legacy,value,1,0,1,0,1,313,347,324,313,312,227,222,3,5,18,20,20,17,0,0,0,0,0
188,999,4495358067520065302,3835727054873191369,value,legacy,1,0,1,0,1,178,196,174,178,177,122,121,2,3,7,9,12,11,1,0,0,0,0
189,999,7228938248242297918,13368179930420707653,legacy,value,1,0,1,0,1,78,76,67,78,77,50,40,1,0,5,7,4,3,0,0,0,0,0
189,999,7228938248242297918,13368179930420707653,value,legacy,1,0,1,0,1,272,285,257,272,271,186,192,1,1,18,21,14,10,0,0,0,0,0
190,999,15358597871554199000,13498886707781456348,legacy,value,1,0,1,0,1,212,222,211,212,211,142,141,1,4,16,7,11,13,0,0,0,0,0
190,999,15358597871554199000,13498886707781456348,value,legacy,-1,1,0,0,2,456,483,472,455,456,315,341,4,9,29,23,24,22,0,0,1,0,0
191,999,9902486938310770319,2891712323812473501,legacy,value,1,0,1,0,1,778,843,853,778,777,609,576,14,13,42,42,35,43,0,0,0,0,0
191,999,9902486938310770319,2891712323812473501,value,legacy,1,0,1,0,1,843,923,890,843,842,619,634,11,9,45,41,46,41,0,0,0,0,0
192,999,13334525806348365163,2467696782605038254,legacy,value,-1,1,0,0,2,459,461,491,458,459,333,324,3,3,23,27,24,23,0,0,0,0,0
192,999,13334525806348365163,2467696782605038254,value,legacy,1,0,1,0,1,128,146,116,128,127,84,87,1,2,6,7,8,5,0,0,0,0,0
193,999,4473234123282864356,18137698303763860143,legacy,value,-1,1,0,0,2,137,132,143,136,137,91,94,1,2,9,7,6,9,0,0,0,0,0
193,999,4473234123282864356,18137698303763860143,value,legacy,1,0,1,0,1,264,271,255,264,263,192,189,1,2,11,10,17,15,0,0,0,0,0
194,999,10695926679356686040,3916888105840393817,legacy,value,1,0,1,0,1,102,92,88,102,101,66,54,1,0,11,9,2,5,0,0,0,0,0
194,999,10695926679356686040,3916888105840393817,value,legacy,1,0,1,0,1,216,228,203,216,215,143,144,3,2,15,12,9,12,0,0,1,0,0
195,999,2392791874987541662,2712721116787918133,legacy,value,1,0,1,0,1,200,208,196,200,199,131,122,1,2,15,14,12,13,0,0,0,0,0
195,999,2392791874987541662,2712721116787918133,value,legacy,1,0,1,0,1,116,130,107,116,115,73,77,1,0,8,6,7,8,0,0,0,0,0
196,999,8245829752762819249,7015600167610162485,legacy,value,1,0,1,0,1,453,462,465,453,452,327,309,5,3,24,34,26,24,0,0,0,0,0
196,999,8245829752762819249,7015600167610162485,value,legacy,-1,1,0,0,2,61,49,67,60,61,32,44,0,0,6,3,1,4,0,0,0,0,0
197,999,15959971513508341101,15131445484842570680,legacy,value,1,0,1,0,1,279,285,285,279,278,208,189,2,3,22,16,9,14,0,0,0,0,0
197,999,15959971513508341101,15131445484842570680,value,legacy,-1,1,0,0,2,55,54,58,54,55,31,38,0,0,2,3,4,3,0,0,0,0,0
198,999,13444945143995764691,17307138158428526249,legacy,value,-1,1,0,0,2,33,20,41,32,33,17,18,1,0,3,4,0,1,0,0,0,0,0
198,999,13444945143995764691,17307138158428526249,value,legacy,1,0,1,0,1,68,77,53,68,67,40,38,1,1,5,3,3,4,0,0,0,0,0
199,999,14410246481053938081,7395710151474018430,legacy,value,1,0,1,0,1,405,433,407,405,404,284,285,3,6,23,19,19,24,0,0,0,0,0
199,999,14410246481053938081,7395710151474018430,value,legacy,1,0,1,0,1,287,318,289,287,286,212,219,6,1,13,14,17,17,0,0,0,0,0
200,999,4243950046550588053,14934149671399946820,legacy,value,1,0,1,0,1,32,34,20,32,31,20,15,0,0,1,1,4,3,0,0,0,0,0
200,999,4243950046550588053,14934149671399946820,value,legacy,-1,1,0,0,2,865,936,928,864,865,623,648,13,8,60,46,40,53,0,0,1,0,0
201,999,631114066829295548,5448023347157123470,legacy,value,-1,1,0,0,2,29,21,36,28,29,13,19,0,0,3,2,1,1,0,0,0,0,0
201,999,631114066829295548,5448023347157123470,value,legacy,1,0,1,0,1,36,46,26,36,35,23,19,1,0,3,3,1,1,0,0,0,0,0
202,999,8293560799248442589,7435525609824368170,legacy,value,-1,1,0,0,2,299,297,333,298,299,223,215,6,1,13,17,14,17,0,0,0,0,0
202,999,8293560799248442589,7435525609824368170,value,legacy,-1,1,0,0,2,280,302,316,279,280,189,205,2,3,15,14,17,12,0,0,0,0,0
203,999,11037073325303830561,17785628396216435162,legacy,value,1,0,1,0,1,221,235,231,221,220,162,145,0,5,18,7,10,16,0,0,0,0,0
203,999,11037073325303830561,17785628396216435162,value,legacy,-1,1,0,0,2,404,424,398,403,404,267,304,2,10,25,22,23,16,0,0,0,0,0
204,999,783742265164579160,4284453783199123217,legacy,value,-1,1,0,0,2,175,162,194,174,175,121,110,2,0,6,11,14,10,0,0,0,0,0
204,999,783742265164579160,4284453783199123217,value,legacy,1,0,1,0,1,134,167,148,134,133,88,93,1,2,9,6,6,10,0,0,2,0,0
205,999,1639729680387726945,1180896309176369512,legacy,value,-1,1,0,0,2,53,49,63,52,53,26,32,1,0,1,3,5,4,0,0,0,0,0
205,999,1639729680387726945,1180896309176369512,value,legacy,1,0,1,0,1,214,237,224,214,213,160,150,0,0,12,12,12,14,0,0,0,0,0
206,999,12954326538299113578,1310783757810832783,legacy,value,1,0,1,0,1,42,50,33,42,41,27,23,1,0,4,2,0,3,0,0,1,0,0
206,999,12954326538299113578,1310783757810832783,value,legacy,-1,1,0,0,2,241,246,252,240,241,169,181,3,5,11,11,13,18,0,0,1,0,0
207,999,15422113301666888286,9320299282412838950,legacy,value,1,0,1,0,1,859,892,922,859,858,657,618,8,14,55,42,42,54,0,0,0,0,0
207,999,15422113301666888286,9320299282412838950,value,legacy,-1,1,0,0,2,325,336,339,324,325,218,232,5,1,14,16,22,18,0,0,0,0,0
208,999,8986782207510808595,14998267222919696730,legacy,value,-1,1,0,0,2,100,87,98,99,100,56,64,2,2,6,4,6,7,0,0,0,0,0
208,999,8986782207510808595,14998267222919696730,value,legacy,1,0,1,0,1,269,290,266,269,268,196,197,2,3,13,18,15,14,0,0,0,1,0
209,999,17674916657383531837,9515270122181970953,legacy,value,-1,1,0,0,2,120,117,134,119,120,85,85,0,2,8,9,5,5,0,0,0,0,0
209,999,17674916657383531837,9515270122181970953,value,legacy,1,0,1,0,1,402,446,431,402,401,302,292,3,7,29,20,22,23,0,0,0,0,0
210,999,13832780758730958003,13789891986688358161,legacy,value,-1,1,0,0,2,323,322,337,322,323,223,227,2,4,14,17,20,18,0,0,0,1,0
210,999,13832780758730958003,13789891986688358161,value,legacy,1,0,1,0,1,154,173,151,154,153,108,107,2,1,12,7,6,5,0,0,0,0,0
211,999,8655397210893602280,5244586513970997687,legacy,value,1,0,1,0,1,226,214,204,226,225,139,136,5,3,10,12,17,14,0,0,0,0,0
211,999,8655397210893602280,5244586513970997687,value,legacy,1,0,1,0,1,132,154,128,132,131,96,98,1,1,7,7,7,8,0,0,0,0,0
212,999,6415279343431787650,14127667925892322381,legacy,value,1,0,1,0,1,200,221,197,200,199,150,150,0,2,11,15,13,8,0,0,0,0,0
212,999,6415279343431787650,14127667925892322381,value,legacy,1,0,1,0,1,732,792,766,732,731,535,536,9,9,46,49,38,35,0,0,0,0,0
213,999,11029519584071108030,6138166397687129165,legacy,value,-1,1,0,0,2,140,155,161,139,140,93,106,0,1,12,8,7,4,0,1,0,1,0
213,999,11029519584071108030,6138166397687129165,value,legacy,-1,1,0,0,2,284,300,302,283,284,187,208,5,2,17,14,14,14,0,0,0,0,0
214,999,13781192704218562169,11213634554766245103,legacy,value,1,0,1,0,1,172,185,166,172,171,113,106,0,2,12,15,10,6,0,0,0,0,0
214,999,13781192704218562169,11213634554766245103,value,legacy,1,0,1,0,1,92,107,86,92,91,67,66,1,1,8,4,3,5,0,0,0,0,0
215,999,15444086690780661838,15413253152978235153,legacy,value,1,0,1,0,1,220,223,228,220,219,162,140,1,3,11,13,12,11,0,0,0,0,0
215,999,15444086690780661838,15413253152978235153,value,legacy,1,0,1,0,1,438,476,427,438,437,317,346,2,5,30,20,24,20,0,0,1,0,0
216,999,12969597591112189775,3754436086055865653,legacy,value,-1,1,0,0,2,63,54,72,62,63,39,39,0,1,3,1,5,5,0,0,0,0,0
216,999,12969597591112189775,3754436086055865653,value,legacy,-1,1,0,0,2,132,130,148,131,132,86,92,0,2,9,4,8,9,0,0,0,0,0
217,999,14924971862187479085,14142001750329013031,legacy,value,1,0,1,0,1,174,215,203,174,173,139,133,1,2,7,12,10,6,0,0,1,0,0
217,999,14924971862187479085,14142001750329013031,value,legacy,1,0,1,0,1,139,160,142,139,138,107,104,1,2,11,5,6,8,0,0,0,0,0
218,999,10327624680608243521,12293209011564925040,legacy,value,1,0,1,0,1,688,718,724,688,687,493,472,9,1,40,42,32,38,0,0,1,1,0
218,999,10327624680608243521,12293209011564925040,value,legacy,1,0,1,0,1,886,949,880,886,885,608,653,8,13,47,46,58,42,0,0,0,0,0
219,999,16655471875656733959,14794837461295952617,legacy,value,-1,1,0,0,2,145,123,146,144,145,93,90,1,2,11,9,7,10,0,0,0,0,0
219,999,16655471875656733959,14794837461295952617,value,legacy,1,0,1,0,1,817,921,851,817,816,597,634,9,9,41,41,48,43,0,0,0,0,0
220,999,1544136944300820286,12259956345817941539,legacy,value,1,0,1,0,1,32,34,23,32,31,16,10,1,0,1,4,2,1,0,0,0,1,0
220,999,1544136944300820286,12259956345817941539,value,legacy,-1,1,0,0,2,397,388,382,396,397,250,274,4,1,22,31,28,17,0,0,0,0,0
221,999,8307523251519967947,18272590382748957468,legacy,value,1,0,1,0,1,54,52,41,54,53,34,27,2,1,3,3,3,2,0,0,0,0,0
221,999,8307523251519967947,18272590382748957468,value,legacy,-1,1,0,0,2,135,156,149,134,135,80,106,0,1,7,6,10,6,0,0,0,0,0
222,999,17227442292319066522,4130353297276069979,legacy,value,1,0,1,0,1,151,151,153,151,150,108,90,2,2,10,10,4,9,0,0,0,0,0
222,999,17227442292319066522,4130353297276069979,value,legacy,-1,1,0,0,2,81,74,78,80,81,39,54,0,0,5,2,4,6,0,0,1,0,0
223,999,14226534826422749946,6051526849721477066,legacy,value,-1,1,0,0,2,107,98,119,106,107,71,69,0,1,6,6,8,5,0,1,0,0,0
223,999,14226534826422749946,6051526849721477066,value,legacy,-1,1,0,0,2,626,686,668,625,626,440,473,1,8,44,37,33,31,0,0,0,0,0
224,999,5241752202729872837,3456579369568924852,legacy,value,-1,1,0,0,2,40,33,49,39,40,21,22,1,1,3,3,0,1,0,0,0,0,0
224,999,5241752202729872837,3456579369568924852,value,legacy,1,0,1,0,1,213,224,198,213,212,141,154,1,2,10,15,15,9,0,0,0,0,0
225,999,2623182331295964261,2142430249873175639,legacy,value,-1,1,0,0,2,512,531,546,511,512,375,380,8,2,35,34,21,28,0,0,0,0,0
225,999,2623182331295964261,2142430249873175639,value,legacy,1,0,1,0,1,280,318,294,280,279,205,212,2,2,23,22,10,10,0,0,0,0,0
226,999,9031308664434334379,16537276196482337025,legacy,value,1,0,1,0,1,90,89,80,90,89,66,55,2,2,4,4,4,6,0,0,0,0,0
226,999,9031308664434334379,16537276196482337025,value,legacy,1,0,1,0,1,203,210,189,203,202,142,141,1,2,18,12,7,9,0,0,0,0,0
227,999,8923480083320182451,7776501416066228994,legacy,value,1,0,1,0,1,93,98,85,93,92,57,52,0,3,6,3,6,5,0,0,0,0,0
227,999,8923480083320182451,7776501416066228994,value,legacy,-1,1,0,0,2,223,208,203,222,223,129,149,0,3,13,17,16,8,0,0,0,0,0
228,999,11945503185362495177,16157633059429086184,legacy,value,1,0,1,0,1,197,216,206,197,196,145,134,2,1,8,12,10,12,0,0,0,0,0
228,999,11945503185362495177,16157633059429086184,value,legacy,1,0,1,0,1,256,287,268,256,255,185,188,1,3,13,20,13,11,0,0,0,0,0
229,999,17255339843794624542,7156712388298978190,legacy,value,1,0,1,0,1,39,54,30,39,38,26,23,0,2,3,1,1,1,0,0,0,0,0
229,999,17255339843794624542,7156712388298978190,value,legacy,-1,1,0,0,2,78,78,85,77,78,52,57,2,4,4,4,5,2,0,0,0,0,0
230,999,2366594517945669179,12734365141695119465,legacy,value,-1,1,0,0,2,45,39,52,44,45,22,27,0,1,4,6,2,0,0,0,0,0,0
230,999,2366594517945669179,12734365141695119465,value,legacy,1,0,1,0,1,88,106,90,88,87,62,53,0,1,4,4,7,4,0,0,0,0,0
231,999,5281240821867608634,6915757971477387616,legacy,value,-1,1,0,0,2,522,537,562,521,522,368,363,12,3,26,34,27,27,0,0,0,0,0
231,999,5281240821867608634,6915757971477387616,value,legacy,-1,1,0,0,2,544,623,624,543,544,396,419,3,8,34,32,31,24,0,0,0,2,0
232,999,40737032996109890,18295561220516935939,legacy,value,-1,1,0,0,2,423,415,459,422,423,311,283,4,2,28,27,21,23,0,0,0,1,0
232,999,40737032996109890,18295561220516935939,value,legacy,1,0,1,0,1,88,105,104,88,87,78,53,2,3,5,2,1,7,0,0,0,0,0
233,999,6024727120386190700,11670501880411320374,legacy,value,1,0,1,0,1,123,150,122,123,122,87,88,2,1,8,10,5,4,0,0,0,0,0
233,999,6024727120386190700,11670501880411320374,value,legacy,1,0,1,0,1,42,53,31,42,41,22,17,0,0,3,3,2,1,0,0,1,0,0
234,999,5328705415201540554,7197463159069330682,legacy,value,1,0,1,0,1,466,520,489,466,465,335,347,2,4,35,27,22,22,0,0,0,0,0
234,999,5328705415201540554,7197463159069330682,value,legacy,-1,1,0,0,2,216,207,199,215,216,126,149,0,2,12,16,16,7,0,0,0,0,0
235,999,16592706910556799692,16508832509185395841,legacy,value,-1,1,0,0,2,454,458,494,453,454,341,334,3,9,27,20,19,29,0,0,0,0,0
235,999,16592706910556799692,16508832509185395841,value,legacy,1,0,1,0,1,286,303,271,286,285,189,200,4,5,18,13,17,19,0,0,0,0,0
236,999,17472569677371270701,2398657592146867758,legacy,value,1,0,1,0,1,209,202,206,209,208,157,139,1,1,15,12,9,13,0,0,0,0,0
236,999,17472569677371270701,2398657592146867758,value,legacy,1,0,1,0,1,56,68,49,56,55,39,33,0,1,1,5,4,2,0,0,0,0,0
237,999,2005017879845059915,988667275212503595,legacy,value,1,0,1,0,1,567,596,625,567,566,436,398,7,6,31,32,26,27,0,0,0,1,0
237,999,2005017879845059915,988667275212503595,value,legacy,1,0,1,0,1,158,161,144,158,157,109,108,1,1,9,6,11,12,0,0,0,0,0
238,999,7129407647444207237,4221683413141003705,legacy,value,-1,1,0,0,2,315,311,347,314,315,230,215,5,1,15,22,15,15,0,0,0,0,0
238,999,7129407647444207237,4221683413141003705,value,legacy,1,0,1,0,1,282,311,283,282,281,196,200,3,7,14,12,18,17,0,0,0,0,0
239,999,3191000713933402830,4707375024352669266,legacy,value,-1,1,0,0,2,261,244,267,260,261,171,168,2,2,18,13,15,21,0,0,0,0,0
239,999,3191000713933402830,4707375024352669266,value,legacy,1,0,1,0,1,106,111,94,106,105,72,70,2,1,6,5,6,8,0,0,0,0,0
240,999,9086056202180684289,9528179942882938906,legacy,value,1,0,1,0,1,583,599,585,583,582,418,404,5,4,42,36,23,29,0,0,0,0,0
240,999,9086056202180684289,9528179942882938906,value,legacy,1,0,1,0,1,81,92,65,81,80,47,49,2,0,5,4,4,6,0,0,0,0,0
241,999,1724282627018674306,12477764919151174528,legacy,value,1,0,1,0,1,404,419,434,404,403,319,285,4,3,24,18,19,32,0,0,0,0,0
241,999,1724282627018674306,12477764919151174528,value,legacy,-1,1,0,0,2,362,391,391,361,362,261,276,3,4,18,22,22,16,0,0,0,0,0
242,999,17044728228730121829,15575330935488329904,legacy,value,1,0,1,0,1,134,140,134,134,133,92,79,1,1,9,9,5,4,0,0,0,0,0
242,999,17044728228730121829,15575330935488329904,value,legacy,-1,1,0,0,2,233,255,261,232,233,159,177,0,2,18,17,13,11,0,0,0,1,0
243,999,4866906253035956995,2243648470359455303,legacy,value,-1,1,0,0,2,118,122,144,117,118,83,86,1,0,9,4,5,8,0,0,1,0,0
243,999,4866906253035956995,2243648470359455303,value,legacy,-1,1,0,0,2,433,459,447,432,433,293,320,5,6,29,21,25,24,0,0,0,0,0
244,999,17321986806341193379,11342355540823288692,legacy,value,1,0,1,0,1,318,306,313,318,317,220,201,0,5,25,16,14,17,0,0,0,1,0
244,999,17321986806341193379,11342355540823288692,value,legacy,1,0,1,0,1,79,88,67,79,78,49,48,0,1,3,4,7,5,0,0,0,0,0
245,999,602576267997396057,5208896971936365024,legacy,value,1,0,1,0,1,215,230,210,215,214,145,137,0,0,10,12,15,15,0,0,0,0,0
245,999,602576267997396057,5208896971936365024,value,legacy,-1,1,0,0,2,173,177,175,172,173,109,130,1,2,13,12,8,7,0,0,0,0,0
246,999,4631771303879650306,9760288301759978946,legacy,value,-1,1,0,0,2,164,180,184,163,164,104,117,0,2,12,8,8,11,0,0,0,0,0
246,999,4631771303879650306,9760288301759978946,value,legacy,-1,1,0,0,2,152,139,144,151,152,92,109,0,2,7,11,12,4,0,0,0,0,0
247,999,4888350008642781322,11028432030474392269,legacy,value,-1,1,0,0,2,240,263,259,239,240,153,176,1,1,19,10,11,14,0,0,0,0,0
247,999,4888350008642781322,11028432030474392269,value,legacy,1,0,1,0,1,410,427,381,410,409,265,289,4,4,22,24,27,20,0,0,0,0,0
248,999,9893481000747435971,15789814392306489982,legacy,value,-1,1,0,0,2,435,398,439,434,435,306,284,3,8,28,20,20,26,0,0,0,0,0
248,999,9893481000747435971,15789814392306489982,value,legacy,1,0,1,0,1,49,55,43,49,48,31,25,0,0,4,3,1,4,0,0,0,0,0
249,999,6853077564742414251,17403332675773310748,legacy,value,-1,1,0,0,2,45,35,50,44,45,25,26,0,0,3,5,2,1,0,0,0,0,0
249,999,6853077564742414251,17403332675773310748,value,legacy,-1,1,0,0,2,545,560,564,544,545,388,392,4,6,35,33,29,28,0,0,1,0,0
250,999,13958964435714828671,12847409374547668344,legacy,value,-1,1,0,0,2,326,336,379,325,326,245,227,5,3,21,23,11,14,0,0,1,1,0
250,999,13958964435714828671,12847409374547668344,value,legacy,1,0,1,0,1,60,60,41,60,59,35,32,1,1,3,4,5,2,0,0,0,0,0
251,999,861097950592248822,8544406957797141602,legacy,value,-1,1,0,0,2,36,27,46,35,36,15,23,0,0,1,1,4,4,0,0,0,0,0
251,999,861097950592248822,8544406957797141602,value,legacy,-1,1,0,0,2,263,262,274,262,263,174,180,0,1,16,18,16,13,0,0,0,0,0
252,999,14421802219425851249,17406341694930763580,legacy,value,-1,1,0,0,2,214,204,230,213,214,155,156,2,1,13,15,8,9,0,0,0,1,0
252,999,14421802219425851249,17406341694930763580,value,legacy,1,0,1,0,1,362,421,381,362,361,264,274,5,4,20,19,20,18,0,0,0,0,0
253,999,4640193492292533279,7570002599071755205,legacy,value,-1,1,0,0,2,78,74,90,77,78,51,52,0,2,5,6,4,2,0,0,0,0,0
253,999,4640193492292533279,7570002599071755205,value,legacy,-1,1,0,0,2,124,134,132,123,124,77,98,2,1,6,9,6,4,0,0,0,0,0
254,999,428756410712974002,2377905261516262386,legacy,value,-1,1,0,0,2,321,316,327,320,321,224,230,2,2,23,25,14,13,0,0,0,0,0
254,999,428756410712974002,2377905261516262386,value,legacy,-1,1,0,0,2,176,188,193,175,176,123,135,2,1,10,12,9,8,0,0,0,0,0
255,999,17973292535277379748,4289404428613854732,legacy,value,-1,1,0,0,2,381,370,398,380,381,265,259,7,4,25,22,18,23,0,0,0,0,0
255,999,17973292535277379748,4289404428613854732,value,legacy,1,0,1,0,1,74,84,52,74,73,47,47,0,1,2,2,5,4,0,0,0,0,0
256,999,4980556170854832885,11896456210626878552,legacy,value,-1,1,0,0,2,246,244,277,245,246,167,162,6,4,13,12,11,14,0,0,0,0,0
256,999,4980556170854832885,11896456210626878552,value,legacy,-1,1,0,0,2,77,61,80,76,77,43,45,1,0,5,4,4,5,0,0,0,0,0
257,999,2235060450411086343,18170181624020548468,legacy,value,1,0,1,0,1,81,79,74,81,80,59,40,1,1,5,5,2,4,0,0,0,0,0
257,999,2235060450411086343,18170181624020548468,value,legacy,1,0,1,0,1,195,209,190,195,194,136,131,0,2,11,12,13,11,0,0,0,0,0
258,999,10377723564803919281,4455930349146595605,legacy,value,1,0,1,0,1,465,469,464,465,464,325,318,2,5,29,27,24,24,0,0,0,1,0
258,999,10377723564803919281,4455930349146595605,value,legacy,-1,1,0,0,2,237,236,231,236,237,160,178,4,3,15,16,11,11,0,0,0,0,0
259,999,18248711101544148679,12753066289444154622,legacy,value,1,0,1,0,1,393,419,389,393,392,273,274,2,3,27,25,23,22,0,0,0,0,0
259,999,18248711101544148679,12753066289444154622,value,legacy,-1,1,0,0,2,798,890,871,797,798,586,622,4,9,52,45,37,35,0,1,1,0,0
260,999,12442234360837933989,15680227976906843475,legacy,value,-1,1,0,0,2,169,180,202,168,169,114,128,3,4,12,7,7,9,0,0,0,0,0
260,999,12442234360837933989,15680227976906843475,value,legacy,1,0,1,0,1,297,340,310,297,296,220,224,4,3,18,10,16,18,0,0,0,0,0
261,999,18051772006009011675,16779003736883846054,legacy,value,1,0,1,0,1,75,72,70,75,74,53,34,0,0,8,3,1,6,0,0,0,0,0
261,999,18051772006009011675,16779003736883846054,value,legacy,-1,1,0,0,2,81,75,87,80,81,56,60,0,1,6,1,3,9,0,0,0,0,0
262,999,9750995893809934483,4553156720855569383,legacy,value,-1,1,0,0,2,1093,1134,1174,1092,1093,820,798,6,9,69,59,55,70,0,0,0,0,0
262,999,9750995893809934483,4553156720855569383,value,legacy,-1,1,0,0,2,79,62,75,78,79,38,44,0,0,4,5,6,6,0,0,0,0,0
263,999,9387386676538575623,310583706884281486,legacy,value,1,0,1,0,1,133,154,138,133,132,92,90,2,1,8,5,7,11,0,0,0,0,0
263,999,9387386676538575623,310583706884281486,value,legacy,1,0,1,0,1,109,118,107,109,108,75,71,0,0,5,9,7,5,0,0,0,0,0
264,999,13071831604805394350,9015930237470175009,legacy,value,1,0,1,0,1,104,101,90,104,103,66,57,1,0,2,8,11,5,0,0,0,0,0
264,999,13071831604805394350,9015930237470175009,value,legacy,-1,1,0,0,2,122,110,126,121,122,71,76,1,0,8,9,7,8,0,0,0,0,0
265,999,3465478725541880334,2234342700066413727,legacy,value,1,0,1,0,1,342,372,361,342,341,254,251,1,5,29,22,10,14,0,0,0,0,0
265,999,3465478725541880334,2234342700066413727,value,legacy,-1,1,0,0,2,116,105,127,115,116,75,77,1,2,8,8,6,5,0,0,0,0,0
266,999,10818829470545727163,1477892934333373606,legacy,value,-1,1,0,0,2,202,192,218,201,202,145,141,4,0,12,10,9,13,0,0,0,0,0
266,999,10818829470545727163,1477892934333373606,value,legacy,1,0,1,0,1,61,67,50,61,60,39,34,1,0,2,3,5,5,0,0,0,0,0
267,999,366406853339091409,2842443930049448999,legacy,value,-1,1,0,0,2,119,100,122,118,119,68,68,0,0,8,9,5,8,0,0,0,0,0
267,999,366406853339091409,2842443930049448999,value,legacy,-1,1,0,0,2,176,164,180,175,176,118,121,1,1,13,12,8,8,0,0,0,0,0
268,999,1485586851736151832,552377913506024272,legacy,value,1,0,1,0,1,160,150,151,160,159,114,98,3,1,9,12,7,8,0,0,0,0,0
268,999,1485586851736151832,552377913506024272,value,legacy,-1,1,0,0,2,404,435,425,403,404,276,299,4,4,21,18,27,24,0,0,0,0,0
269,999,10518506389558098906,8089551692647962004,legacy,value,1,0,1,0,1,278,286,269,278,277,187,183,2,3,15,14,14,19,0,0,0,0,0
269,999,10518506389558098906,8089551692647962004,value,legacy,-1,1,0,0,2,562,586,585,561,562,378,406,4,6,35,31,30,28,0,0,0,0,0
270,999,5410973484874517069,2680803242316379742,legacy,value,-1,1,0,0,2,188,188,224,187,188,143,133,3,2,10,10,9,12,0,0,0,0,0
270,999,5410973484874517069,2680803242316379742,value,legacy,1,0,1,0,1,171,193,181,171,170,126,119,1,0,11,10,5,9,0,0,1,0,0
271,999,14946300572410603029,2099635819898122861,legacy,value,1,0,1,0,1,82,92,70,82,81,52,49,3,1,3,6,4,4,0,0,0,0,0
271,999,14946300572410603029,2099635819898122861,value,legacy,-1,1,0,0,2,313,322,306,312,313,201,230,2,2,18,18,23,12,0,0,1,0,0
272,999,1191490285229085474,17509083816106104494,legacy,value,1,0,1,0,1,187,195,197,187,186,147,124,2,1,9,8,9,12,0,0,0,0,0
272,999,1191490285229085474,17509083816106104494,value,legacy,-1,1,0,0,2,112,108,121,111,112,73,81,0,0,8,7,7,5,0,0,0,0,0
273,999,8959734496345013833,6784244425522001997,legacy,value,1,0,1,0,1,79,87,72,79,78,51,45,1,0,4,7,5,4,0,0,0,0,0
273,999,8959734496345013833,6784244425522001997,value,legacy,1,0,1,0,1,222,264,221,222,221,158,178,2,1,15,12,13,14,0,0,1,0,0
274,999,10105762461434305955,2886046486625050394,legacy,value,1,0,1,0,1,25,33,16,25,24,18,9,0,0,1,3,0,0,0,0,0,1,0
274,999,10105762461434305955,2886046486625050394,value,legacy,1,0,1,0,1,452,481,440,452,451,301,318,1,9,27,26,30,21,0,0,1,0,0
275,999,16747979366434626141,1278020451988318133,legacy,value,1,0,1,0,1,579,576,585,579,578,409,392,3,5,40,35,26,37,0,0,1,1,0
275,999,16747979366434626141,1278020451988318133,value,legacy,1,0,1,0,1,358,385,363,358,357,265,263,1,5,27,17,16,16,0,0,0,0,0
276,999,6690140126388919826,2482319728323049332,legacy,value,-1,1,0,0,2,135,127,150,134,135,91,93,1,3,5,6,7,7,0,0,0,0,0
276,999,6690140126388919826,2482319728323049332,value,legacy,1,0,1,0,1,122,133,123,122,121,92,82,1,1,2,8,8,9,0,0,0,0,0
277,999,11142012261694270623,1192968942781238735,legacy,value,-1,1,0,0,2,215,211,236,214,215,152,151,1,0,16,11,9,13,1,0,0,1,0
277,999,11142012261694270623,1192968942781238735,value,legacy,-1,1,0,0,2,150,155,162,149,150,94,106,2,3,7,8,9,4,0,0,1,0,0
278,999,8008375060934029278,13117257376712107610,legacy,value,1,0,1,0,1,156,170,152,156,155,103,102,1,2,10,7,9,10,0,0,0,0,0
278,999,8008375060934029278,13117257376712107610,value,legacy,-1,1,0,0,2,105,95,108,104,105,61,70,0,1,7,5,6,6,0,0,0,1,0
279,999,14353760725034563372,18058243982631413846,legacy,value,1,0,1,0,1,188,210,213,188,187,149,126,1,0,10,10,12,9,0,0,0,0,0
279,999,14353760725034563372,18058243982631413846,value,legacy,-1,1,0,0,2,370,416,422,369,370,280,288,6,10,27,18,14,18,0,0,1,0,0
280,999,11199117453156760442,1276889362120026736,legacy,value,-1,1,0,0,2,501,542,572,500,501,378,365,4,2,31,22,30,36,0,0,0,0,0
280,999,11199117453156760442,1276889362120026736,value,legacy,1,0,1,0,1,205,236,183,205,204,131,151,2,1,14,12,10,8,0,0,0,0,0
281,999,17741157171111144030,464679155434509866,legacy,value,1,0,1,0,1,902,932,966,902,901,681,629,13,5,56,57,46,55,0,0,0,1,0
281,999,17741157171111144030,464679155434509866,value,legacy,-1,1,0,0,2,756,817,787,755,756,537,578,9,11,49,41,37,37,0,0,3,0,0
282,999,6578368394398446534,11662315047115459245,legacy,value,1,0,1,0,1,110,135,128,110,109,83,69,2,2,4,6,4,5,0,0,0,0,0
282,999,6578368394398446534,11662315047115459245,value,legacy,1,0,1,0,1,337,367,349,337,336,245,243,6,3,21,17,17,18,0,0,0,1,0
283,999,5716620537870978812,5942954159046423917,legacy,value,1,0,1,0,1,597,641,618,597,596,435,433,10,5,33,33,30,35,0,0,0,2,0
283,999,5716620537870978812,5942954159046423917,value,legacy,1,0,1,0,1,267,300,251,267,266,179,205,4,5,13,14,12,9,0,0,0,0,0
284,999,3679588323193466783,8099770871364824161,legacy,value,1,0,1,0,1,300,312,323,300,299,231,206,5,4,15,15,15,17,0,0,0,0,0
284,999,3679588323193466783,8099770871364824161,value,legacy,-1,1,0,0,2,63,60,66,62,63,30,41,0,1,3,3,6,4,0,0,1,0,0
285,999,16048320092866229780,7224317762327171369,legacy,value,1,0,1,0,1,174,195,179,174,173,130,121,2,0,10,10,7,13,0,0,0,0,0
285,999,16048320092866229780,7224317762327171369,value,legacy,1,0,1,0,1,343,357,349,343,342,252,238,3,4,22,18,14,18,0,0,0,0,0
286,999,15636932044973363012,15489416400260809293,legacy,value,1,0,1,0,1,156,153,158,156,155,119,98,2,1,10,12,5,6,0,0,0,2,0
286,999,15636932044973363012,15489416400260809293,value,legacy,-1,1,0,0,2,195,213,205,194,195,127,150,0,1,17,7,9,10,0,0,2,0,0
287,999,2776784043600568662,13975324931088116660,legacy,value,1,0,1,0,1,634,671,664,634,633,469,459,3,2,34,38,41,33,0,1,0,1,0
287,999,2776784043600568662,13975324931088116660,value,legacy,1,0,1,0,1,73,74,61,73,72,45,38,1,0,3,5,5,3,0,0,0,0,0
288,999,15270039446454178665,2398645347284206982,legacy,value,1,0,1,0,1,99,105,94,99,98,63,55,0,1,6,4,6,9,0,0,0,0,0
288,999,15270039446454178665,2398645347284206982,value,legacy,1,0,1,0,1,250,263,231,250,249,157,170,0,4,16,15,18,12,0,0,0,0,0
289,999,14639445505440903772,13793213238023019828,legacy,value,1,0,1,0,1,358,393,387,358,357,275,259,2,6,25,14,13,25,0,0,0,1,0
289,999,14639445505440903772,13793213238023019828,value,legacy,1,0,1,0,1,139,140,123,139,138,93,92,3,3,9,9,6,6,0,0,1,1,0
290,999,7958051129715314606,5551967465942325156,legacy,value,1,0,1,0,1,190,213,192,190,189,133,138,2,3,12,10,10,9,0,0,0,0,0
290,999,7958051129715314606,5551967465942325156,value,legacy,1,0,1,0,1,124,125,105,124,123,71,77,0,3,7,6,9,6,0,0,1,0,0
291,999,2260800845622998001,12092758576931934551,legacy,value,1,0,1,0,1,585,620,642,585,584,443,411,6,6,32,33,28,39,0,0,1,0,0
291,999,2260800845622998001,12092758576931934551,value,legacy,-1,1,0,0,2,86,80,94,85,86,56,61,3,0,6,6,3,6,0,0,0,0,0
292,999,4697006428164503505,8390173788386359589,legacy,value,1,0,1,0,1,105,113,99,105,104,76,69,2,0,5,8,7,5,0,0,0,1,0
292,999,4697006428164503505,8390173788386359589,value,legacy,-1,1,0,0,2,73,61,75,72,73,43,42,1,0,5,7,4,4,0,0,0,2,0
293,999,12459255510880613543,4718028755048160545,legacy,value,1,0,1,0,1,364,389,388,364,363,280,263,2,1,21,22,22,25,0,0,0,0,0
293,999,12459255510880613543,4718028755048160545,value,legacy,1,0,1,0,1,98,99,90,98,97,66,62,0,2,5,7,6,4,0,0,0,0,0
294,999,14823734540940309741,2189474366776441402,legacy,value,-1,1,0,0,2,154,138,161,153,154,100,99,2,1,8,7,7,12,0,0,0,0,0
294,999,14823734540940309741,2189474366776441402,value,legacy,-1,1,0,0,2,320,330,336,319,320,218,234,4,5,19,14,21,22,0,0,0,0,0
295,999,13532094942975389229,16407664843467591446,legacy,value,-1,1,0,0,2,242,236,273,241,242,172,162,3,3,13,12,12,17,0,0,0,0,0
295,999,13532094942975389229,16407664843467591446,value,legacy,1,0,1,0,1,71,83,64,71,70,46,45,0,1,6,3,2,3,0,0,0,0,0
296,999,5461672954152818209,7603151879793765277,legacy,value,-1,1,0,0,2,200,198,226,199,200,154,144,2,2,12,11,9,14,0,0,0,0,0
296,999,5461672954152818209,7603151879793765277,value,legacy,-1,1,0,0,2,186,186,186,185,186,124,138,1,1,15,10,7,11,0,0,0,0,0
297,999,14928185274277775170,17099392465299336870,legacy,value,1,0,1,0,1,255,282,269,255,254,184,179,3,2,15,18,10,14,0,0,1,0,0
297,999,14928185274277775170,17099392465299336870,value,legacy,-1,1,0,0,2,267,285,281,266,267,182,202,1,1,18,11,15,17,0,0,0,1,0
298,999,13016720937769830765,2116861378944319601,legacy,value,1,0,1,0,1,708,776,758,708,707,505,500,5,9,43,41,36,37,0,0,0,1,0
298,999,13016720937769830765,2116861378944319601,value,legacy,1,0,1,0,1,30,27,14,30,29,17,10,2,0,1,3,1,1,0,0,0,0,0
299,999,17694304655503454241,15154843274750382718,legacy,value,1,0,1,0,1,932,1018,1043,932,931,707,666,8,8,50,62,42,48,0,0,0,0,0
299,999,17694304655503454241,15154843274750382718,value,legacy,1,0,1,0,1,155,159,130,155,154,95,101,2,0,8,8,12,8,0,0,1,0,0
300,999,1159379487334430202,15320816594801612110,legacy,value,1,0,1,0,1,163,189,185,163,162,123,112,1,2,7,7,10,11,0,0,0,0,0
300,999,1159379487334430202,15320816594801612110,value,legacy,-1,1,0,0,2,132,117,133,131,132,84,90,1,2,9,9,5,6,0,0,0,0,0
301,999,14111689925668586106,6991473138384673428,legacy,value,1,0,1,0,1,215,217,212,215,214,148,140,1,2,11,10,13,15,0,0,1,0,0
301,999,14111689925668586106,6991473138384673428,value,legacy,1,0,1,0,1,52,53,39,52,51,29,26,1,0,2,5,3,1,0,0,0,1,0
302,999,5148733361727554331,12690972921462762491,legacy,value,1,0,1,0,1,268,310,290,268,267,213,202,1,1,18,17,12,14,0,0,0,0,0
302,999,5148733361727554331,12690972921462762491,value,legacy,-1,1,0,0,2,171,174,183,170,171,114,123,5,2,2,6,14,11,0,0,0,0,0
303,999,4668298310876084417,11623597415877908069,legacy,value,1,0,1,0,1,869,941,932,869,868,648,638,14,6,44,47,47,56,0,0,0,0,0
303,999,4668298310876084417,11623597415877908069,value,legacy,-1,1,0,0,2,66,59,70,65,66,38,50,1,0,2,1,5,4,0,0,0,0,0
304,999,15898177699006349106,10608190297453204685,legacy,value,-1,1,0,0,2,59,52,65,58,59,30,39,0,0,3,3,4,5,0,0,0,0,0
304,999,15898177699006349106,10608190297453204685,value,legacy,-1,1,0,0,2,205,217,233,204,205,138,156,1,2,15,11,12,10,0,0,2,0,0
305,999,16782956107781826887,2710827041602022031,legacy,value,1,0,1,0,1,169,167,145,169,168,110,115,2,0,5,6,16,9,0,0,0,0,0
305,999,16782956107781826887,2710827041602022031,value,legacy,1,0,1,0,1,90,102,86,90,89,63,63,1,0,6,4,5,6,0,0,0,0,0
306,999,5604217819945690907,7585526698553805516,legacy,value,1,0,1,0,1,190,213,201,190,189,137,129,4,1,8,12,9,9,0,0,0,0,0
306,999,5604217819945690907,7585526698553805516,value,legacy,1,0,1,0,1,116,126,104,116,115,74,74,3,0,5,8,7,8,0,0,0,0,0
307,999,4308287230723387667,772567273711460772,legacy,value,1,0,1,0,1,20,21,8,20,19,10,6,0,0,2,1,1,1,0,0,1,0,0
307,999,4308287230723387667,772567273711460772,value,legacy,-1,1,0,0,2,131,153,162,130,131,84,104,1,2,10,6,5,7,0,0,1,0,0
308,999,18104931137375391365,10864416544732119686,legacy,value,1,0,1,0,1,43,47,38,43,42,26,23,0,0,3,2,3,4,0,0,0,0,0
308,999,18104931137375391365,10864416544732119686,value,legacy,1,0,1,0,1,88,106,83,88,87,65,52,0,0,3,5,4,5,0,0,0,0,0
309,999,2594646515525719139,16222697042534959499,legacy,value,-1,1,0,0,2,579,579,604,578,579,418,411,4,5,38,39,26,27,0,0,0,0,0
309,999,2594646515525719139,16222697042534959499,value,legacy,-1,1,0,0,2,106,101,120,105,106,70,68,0,1,5,4,6,8,0,0,0,0,0
310,999,6323900970500268908,14996131437898679530,legacy,value,1,0,1,0,1,148,158,158,148,147,111,97,2,2,8,9,9,7,0,0,0,0,0
310,999,6323900970500268908,14996131437898679530,value,legacy,-1,1,0,0,2,644,709,677,643,644,451,488,4,4,47,46,36,28,0,0,0,0,0
311,999,119594344235487328,12733629120401627531,legacy,value,-1,1,0,0,2,151,146,167,150,151,100,106,0,0,8,9,9,8,0,0,0,0,0
311,999,119594344235487328,12733629120401627531,value,legacy,-1,1,0,0,2,92,94,116,91,92,62,71,2,3,4,5,6,3,0,0,0,0,0
312,999,13574154641410951389,1391969089038373682,legacy,value,1,0,1,0,1,1098,1138,1152,1098,1097,804,779,14,9,70,66,48,61,0,0,1,0,0
312,999,13574154641410951389,1391969089038373682,value,legacy,-1,1,0,0,2,49,29,41,48,49,22,24,3,1,2,4,2,2,0,0,0,0,0
313,999,15772243060044473538,13867183638400524519,legacy,value,1,0,1,0,1,41,47,36,41,40,25,14,0,0,4,3,1,3,0,0,0,2,0
313,999,15772243060044473538,13867183638400524519,value,legacy,-1,1,0,0,2,244,244,247,243,244,155,175,0,2,12,12,15,15,0,0,0,0,0
314,999,1599890917714162085,3167623052462924322,legacy,value,-1,1,0,0,2,206,209,227,205,206,153,155,1,6,15,11,4,10,0,0,0,0,0
314,999,1599890917714162085,3167623052462924322,value,legacy,-1,1,0,0,2,65,54,69,64,65,33,39,0,0,6,4,3,5,0,0,0,0,0
315,999,1473780095030274901,2238877299902434807,legacy,value,1,0,1,0,1,232,226,240,232,231,177,146,5,2,16,12,6,13,0,0,0,0,0
315,999,1473780095030274901,2238877299902434807,value,legacy,1,0,1,0,1,31,36,25,31,30,18,14,0,0,2,2,1,2,0,0,0,0,0
316,999,16904088977219189186,6659279354422154901,legacy,value,-1,1,0,0,2,860,899,920,859,860,636,642,15,10,45,50,40,48,0,0,1,0,0
316,999,16904088977219189186,6659279354422154901,value,legacy,1,0,1,0,1,425,451,413,425,424,293,304,3,1,19,27,27,21,0,0,0,0,0
317,999,1734829399162354088,6035797492959187631,legacy,value,1,0,1,0,1,248,240,248,248,247,183,158,4,1,18,18,9,13,0,0,0,0,0
317,999,1734829399162354088,6035797492959187631,value,legacy,-1,1,0,0,2,733,791,762,732,733,517,560,8,8,44,43,40,40,0,1,0,0,0
318,999,816368328199292211,8394653690821221977,legacy,value,1,0,1,0,1,240,270,269,240,239,180,162,0,1,17,16,13,13,0,0,0,0,0
318,999,816368328199292211,8394653690821221977,value,legacy,-1,1,0,0,2,193,193,196,192,193,129,143,1,4,12,10,10,8,0,0,0,0,0
319,999,13567640872150418002,4812989193189854314,legacy,value,1,0,1,0,1,129,138,134,129,128,96,80,1,0,5,6,10,10,0,0,0,0,0
319,999,13567640872150418002,4812989193189854314,value,legacy,1,0,1,0,1,452,475,449,452,451,312,318,5,7,32,24,23,28,0,0,0,0,0
320,999,10048888628178784241,8796924264795792884,legacy,value,1,0,1,0,1,145,154,145,145,144,100,92,1,2,9,6,8,11,0,0,0,0,0
320,999,10048888628178784241,8796924264795792884,value,legacy,1,0,1,0,1,204,225,200,204,203,137,143,1,2,12,13,13,11,0,0,0,0,0
321,999,2849024102529339623,10090433175098158406,legacy,value,1,0,1,0,1,58,50,46,58,57,36,25,0,0,4,4,3,4,0,0,0,0,0
321,999,2849024102529339623,10090433175098158406,value,legacy,-1,1,0,0,2,450,472,466,449,450,308,339,4,7,22,27,35,23,0,0,0,0,0
322,999,14004961040747029799,658984525647074512,legacy,value,1,0,1,0,1,194,197,188,194,193,129,119,3,0,10,12,13,13,0,0,0,1,0
322,999,14004961040747029799,658984525647074512,value,legacy,1,0,1,0,1,57,57,41,57,56,35,30,0,1,2,4,4,1,0,0,0,0,0
323,999,751877613264511603,17046229667181195624,legacy,value,1,0,1,0,1,32,33,20,32,31,19,11,1,0,1,2,2,2,0,0,0,0,0
323,999,751877613264511603,17046229667181195624,value,legacy,1,0,1,0,1,222,248,220,222,221,147,154,2,1,13,13,14,13,0,0,0,0,0
324,999,5480341233063196803,12633224266550976786,legacy,value,1,0,1,0,1,263,272,269,263,262,195,180,2,1,16,17,16,17,0,0,2,0,0
324,999,5480341233063196803,12633224266550976786,value,legacy,1,0,1,0,1,317,350,317,317,316,233,238,2,1,24,21,14,12,0,0,0,0,0
325,999,2083317361047516020,11168444603154607955,legacy,value,-1,1,0,0,2,152,166,189,151,152,105,109,2,1,7,13,9,3,0,0,0,1,0
325,999,2083317361047516020,11168444603154607955,value,legacy,-1,1,0,0,2,122,122,128,121,122,80,94,1,1,4,4,9,8,0,0,0,0,0
326,999,17625258565320419745,10147294876253749845,legacy,value,1,0,1,0,1,135,140,128,135,134,92,85,3,1,7,11,6,6,0,0,0,0,0
326,999,17625258565320419745,10147294876253749845,value,legacy,-1,1,0,0,2,149,158,168,148,149,105,111,1,0,10,8,5,9,0,0,0,0,0
327,999,7328770421033704347,8919001777577189087,legacy,value,-1,1,0,0,2,30,21,37,29,30,15,19,0,0,2,2,2,1,0,0,0,0,0
327,999,7328770421033704347,8919001777577189087,value,legacy,1,0,1,0,1,110,123,101,110,109,73,70,0,0,7,8,6,3,0,0,0,0,0
328,999,2132483647047968735,11059380761291372310,legacy,value,1,0,1,0,1,517,536,548,517,516,381,352,4,7,25,33,33,27,0,0,1,0,0
328,999,2132483647047968735,11059380761291372310,value,legacy,1,0,1,0,1,478,574,506,478,477,335,370,7,4,25,23,30,29,0,0,0,0,0
329,999,15258138262806683140,3048483412547342524,legacy,value,1,0,1,0,1,238,221,224,238,237,167,146,6,0,16,16,8,15,0,0,0,0,0
329,999,15258138262806683140,3048483412547342524,value,legacy,1,0,1,0,1,199,213,191,199,198,136,141,1,5,17,9,9,10,0,0,0,0,0
330,999,16404336124575427075,14316895311192183244,legacy,value,1,0,1,0,1,477,536,521,477,476,350,345,3,7,34,28,20,25,0,0,2,0,0
330,999,16404336124575427075,14316895311192183244,value,legacy,1,0,1,0,1,648,759,717,648,647,478,497,6,4,40,44,33,28,0,0,3,0,0
331,999,6337026582159632016,15971244511629011208,legacy,value,1,0,1,0,1,437,442,442,437,436,311,286,3,3,34,22,21,27,0,0,1,0,0
331,999,6337026582159632016,15971244511629011208,value,legacy,-1,1,0,0,2,480,534,506,479,480,339,376,3,5,35,25,24,27,0,0,0,0,0
332,999,8532169050980120770,16286977396568208895,legacy,value,1,0,1,0,1,284,307,306,284,283,220,202,3,2,14,16,14,18,0,0,0,0,0
332,999,8532169050980120770,16286977396568208895,value,legacy,1,0,1,0,1,110,108,100,110,109,70,67,0,0,7,10,6,3,0,0,0,0,0
333,999,11985139053366219280,8176179752510551099,legacy,value,-1,1,0,0,2,208,191,213,207,208,140,141,3,4,11,12,11,12,0,0,0,1,0
333,999,11985139053366219280,8176179752510551099,value,legacy,1,0,1,0,1,250,289,248,250,249,175,187,2,2,8,18,20,7,0,0,1,1,0
334,999,3406281012896568034,8454725365676750320,legacy,value,1,0,1,0,1,364,399,393,364,363,274,269,4,3,25,17,21,23,0,0,0,0,0
334,999,3406281012896568034,8454725365676750320,value,legacy,-1,1,0,0,2,33,22,32,32,33,13,17,0,0,2,1,2,3,0,0,0,0,0
335,999,6336677918677369079,7005927364507687946,legacy,value,1,0,1,0,1,200,205,205,200,199,151,133,5,2,12,11,8,13,0,0,0,0,0
335,999,6336677918677369079,7005927364507687946,value,legacy,-1,1,0,0,2,99,97,110,98,99,71,73,2,1,6,7,2,5,0,0,0,0,0
336,999,9139985284782043053,4273704261397270256,legacy,value,-1,1,0,0,2,28,13,28,27,28,9,17,0,0,3,3,0,2,0,0,0,0,0
336,999,9139985284782043053,4273704261397270256,value,legacy,-1,1,0,0,2,39,31,40,38,39,18,22,0,0,1,2,4,2,0,0,0,1,0
337,999,10958084650200576932,11715833053321282062,legacy,value,1,0,1,0,1,300,322,321,300,299,212,201,3,3,21,19,13,15,0,0,0,0,0
337,999,10958084650200576932,11715833053321282062,value,legacy,-1,1,0,0,2,35,20,34,34,35,12,18,0,0,3,2,1,2,0,0,0,0,0
338,999,6223137297183711877,5221784556401552522,legacy,value,1,0,1,0,1,158,163,158,158,157,108,98,2,2,13,11,6,8,0,0,0,0,0
338,999,6223137297183711877,5221784556401552522,value,legacy,1,0,1,0,1,665,738,678,665,664,462,492,7,10,42,36,35,35,0,0,0,0,0
339,999,10652941369349633598,17728864318769960337,legacy,value,1,0,1,0,1,74,90,77,74,73,51,45,1,0,5,6,3,4,0,0,1,0,0
339,999,10652941369349633598,17728864318769960337,value,legacy,-1,1,0,0,2,51,47,59,50,51,24,35,0,2,4,5,2,0,0,0,1,0,0
340,999,1959045286849910209,18097433274263512293,legacy,value,-1,1,0,0,2,183,176,191,182,183,122,125,1,0,10,14,14,10,0,0,0,2,0
340,999,1959045286849910209,18097433274263512293,value,legacy,-1,1,0,0,2,98,98,101,97,98,61,74,0,1,8,4,3,5,0,0,0,0,0
341,999,12139578271561786870,2994531547355627534,legacy,value,-1,1,0,0,2,97,91,115,96,97,65,62,0,0,3,5,8,7,0,0,0,0,0
341,999,12139578271561786870,2994531547355627534,value,legacy,-1,1,0,0,2,101,97,115,100,101,64,69,1,0,6,7,5,6,0,0,0,0,0
342,999,10955768437684653375,12257697229100370350,legacy,value,1,0,1,0,1,962,1033,1063,962,961,745,690,7,17,60,44,44,56,0,0,0,0,0
342,999,10955768437684653375,12257697229100370350,value,legacy,1,0,1,0,1,147,174,161,147,146,114,108,3,0,6,9,6,8,0,0,0,2,0
343,999,13191508170390415554,15569993252691436934,legacy,value,1,0,1,0,1,297,312,323,297,296,226,199,2,3,19,11,13,22,0,0,0,0,0
343,999,13191508170390415554,15569993252691436934,value,legacy,-1,1,0,0,2,76,88,94,75,76,57,63,0,1,5,4,5,4,0,0,0,0,0
344,999,18101533264763292259,3400204495564158148,legacy,value,1,0,1,0,1,47,51,36,47,46,29,25,0,0,5,1,2,4,0,0,0,0,0
344,999,18101533264763292259,3400204495564158148,value,legacy,-1,1,0,0,2,170,156,165,169,170,102,108,1,1,11,12,11,10,0,0,0,0,0
345,999,7607312369660944146,9031813202820384156,legacy,value,-1,1,0,0,2,1093,1149,1168,1092,1093,782,789,11,10,77,76,56,56,0,0,0,1,0
345,999,7607312369660944146,9031813202820384156,value,legacy,-1,1,0,0,2,291,313,319,290,291,204,213,2,3,19,16,15,17,0,0,0,0,0
346,999,6085552908962969454,575600944174130368,legacy,value,-1,1,0,0,2,165,161,174,164,165,106,111,2,1,8,9,12,9,0,0,0,0,0
346,999,6085552908962969454,575600944174130368,value,legacy,-1,1,0,0,2,209,204,211,208,209,137,146,1,2,14,15,9,9,0,0,0,0,0
347,999,10817949763439827166,12667354644820971268,legacy,value,1,0,1,0,1,177,205,189,177,176,136,131,2,1,12,10,7,13,0,0,0,0,0
347,999,10817949763439827166,12667354644820971268,value,legacy,-1,1,0,0,2,163,156,166,162,163,113,116,3,2,10,11,6,4,0,0,0,0,0
348,999,15644517867160877049,15299746145393606178,legacy,value,1,0,1,0,1,223,237,216,223,222,144,144,1,2,12,7,17,18,0,0,0,0,0
348,999,15644517867160877049,15299746145393606178,value,legacy,-1,1,0,0,2,560,576,554,559,560,385,420,5,5,28,28,35,27,0,0,0,0,0
349,999,1163971295473633256,13596629815207601746,legacy,value,1,0,1,0,1,103,110,103,103,102,76,69,0,0,8,8,4,5,0,0,0,0,0
349,999,1163971295473633256,13596629815207601746,value,legacy,1,0,1,0,1,127,150,121,127,126,89,94,1,1,8,10,8,1,0,0,1,0,0
350,999,15850271326514383641,7136896652048585253,legacy,value,1,0,1,0,1,122,126,124,122,121,90,78,1,1,5,8,9,7,0,0,0,0,0
350,999,15850271326514383641,7136896652048585253,value,legacy,1,0,1,0,1,478,503,468,478,477,318,330,3,2,30,29,34,28,0,0,1,0,0
351,999,7011914801930369359,16889462451068557311,legacy,value,1,0,1,0,1,54,51,41,54,53,34,24,0,0,4,3,4,4,0,0,0,0,0
351,999,7011914801930369359,16889462451068557311,value,legacy,-1,1,0,0,2,139,145,159,138,139,102,107,0,0,12,11,3,4,0,0,0,0,0
352,999,7633279238298139123,7828186602171066574,legacy,value,1,0,1,0,1,276,292,279,276,275,200,188,1,3,17,15,17,18,0,0,0,1,0
352,999,7633279238298139123,7828186602171066574,value,legacy,-1,1,0,0,2,82,76,89,81,82,48,58,1,2,7,4,3,5,0,0,1,0,0
353,999,14109073630721099399,9456471219482891973,legacy,value,-1,1,0,0,2,310,313,342,309,310,235,224,5,3,11,25,22,16,0,0,0,0,0
353,999,14109073630721099399,9456471219482891973,value,legacy,-1,1,0,0,2,378,385,407,377,378,276,276,8,2,18,22,16,22,0,0,1,0,0
354,999,6730790549653224222,6726071464962680412,legacy,value,-1,1,0,0,2,198,198,229,197,198,143,134,1,2,10,8,8,12,0,0,0,0,0
354,999,6730790549653224222,6726071464962680412,value,legacy,-1,1,0,0,2,41,29,45,40,41,20,28,0,0,2,5,3,1,0,0,0,0,0
355,999,4548947106154694819,10803511705800465844,legacy,value,1,0,1,0,1,164,195,175,164,163,115,104,1,1,12,11,5,8,0,0,1,1,0
355,999,4548947106154694819,10803511705800465844,value,legacy,1,0,1,0,1,241,293,268,241,240,183,182,2,2,17,16,12,11,0,0,0,0,0
356,999,319815789066751474,16453987557634512330,legacy,value,1,0,1,0,1,89,98,77,89,88,57,56,1,1,4,4,6,6,0,0,0,0,0
356,999,319815789066751474,16453987557634512330,value,legacy,-1,1,0,0,2,125,128,139,124,125,81,91,1,3,9,6,6,7,0,0,1,0,0
357,999,9977761498399503182,10438904922449035637,legacy,value,-1,1,0,0,2,67,55,74,66,67,41,37,0,1,3,3,4,5,0,0,0,0,0
357,999,9977761498399503182,10438904922449035637,value,legacy,1,0,1,0,1,778,840,798,778,777,573,589,7,10,51,46,36,36,0,0,0,0,0
358,999,1367672699451125585,9081916061902939712,legacy,value,1,0,1,0,1,408,419,425,408,407,317,292,6,1,25,24,16,19,0,0,0,1,0
358,999,1367672699451125585,9081916061902939712,value,legacy,-1,1,0,0,2,41,31,44,40,41,19,25,1,0,3,2,2,4,0,0,0,0,0
359,999,10286171647188540070,5125823160163958679,legacy,value,1,0,1,0,1,125,116,119,125,124,84,72,1,1,8,8,6,6,0,0,1,0,0
359,999,10286171647188540070,5125823160163958679,value,legacy,1,0,1,0,1,458,485,472,458,457,340,331,2,4,31,29,25,24,0,0,0,0,0
360,999,7065346647533467069,5293958549127111415,legacy,value,1,0,1,0,1,110,125,104,110,109,78,77,2,2,5,8,5,5,0,0,0,0,0
360,999,7065346647533467069,5293958549127111415,value,legacy,1,0,1,0,1,43,50,31,43,42,25,21,0,1,2,3,3,1,0,0,0,0,0
361,999,5763513063847355524,1907600302526048283,legacy,value,1,0,1,0,1,317,348,327,317,316,216,218,4,6,16,19,17,14,0,0,0,1,0
361,999,5763513063847355524,1907600302526048283,value,legacy,-1,1,0,0,2,331,344,343,330,331,220,245,3,3,20,19,17,16,1,0,1,0,0
362,999,11496581028791522481,3361101239128664570,legacy,value,1,0,1,0,1,119,118,108,119,118,81,72,0,2,9,4,6,8,0,0,0,0,0
362,999,11496581028791522481,3361101239128664570,value,legacy,-1,1,0,0,2,112,113,123,111,112,74,82,1,1,5,7,7,5,0,0,0,0,0
363,999,2775918050835744697,18151437727773433263,legacy,value,1,0,1,0,1,164,181,166,164,163,112,114,3,2,9,6,6,12,0,0,1,0,0
363,999,2775918050835744697,18151437727773433263,value,legacy,-1,1,0,0,2,1529,1658,1636,1528,1529,1098,1144,11,17,92,92,92,86,0,0,2,0,0
364,999,12537082494889418027,18215134387197813956,legacy,value,1,0,1,0,1,396,437,421,396,395,288,285,4,4,18,24,19,16,0,0,0,0,0
364,999,12537082494889418027,18215134387197813956,value,legacy,1,0,1,0,1,33,38,23,33,32,21,17,0,1,3,2,2,1,0,0,1,0,0
365,999,489268117151885612,11201013600673276309,legacy,value,-1,1,0,0,2,118,103,120,117,118,73,71,1,2,8,5,4,9,0,0,0,0,0
365,999,489268117151885612,11201013600673276309,value,legacy,1,0,1,0,1,46,55,32,46,45,32,27,1,1,3,2,3,2,0,0,0,0,0
366,999,14083425714870359223,2204033687410327852,legacy,value,-1,1,0,0,2,77,57,75,76,77,45,44,1,2,2,1,6,7,0,0,0,0,0
366,999,14083425714870359223,2204033687410327852,value,legacy,1,0,1,0,1,690,738,694,690,689,489,511,11,4,35,40,44,40,0,0,0,0,0
367,999,3890035397466626534,2949954743948785646,legacy,value,1,0,1,0,1,105,126,99,105,104,67,66,0,1,7,10,7,3,0,0,0,0,0
367,999,3890035397466626534,2949954743948785646,value,legacy,-1,1,0,0,2,318,358,353,317,318,212,246,4,3,21,15,16,17,0,0,0,0,0
368,999,4575481661899413891,15388635427553196138,legacy,value,1,0,1,0,1,135,150,134,135,134,92,89,1,0,11,9,5,7,0,0,0,0,0
368,999,4575481661899413891,15388635427553196138,value,legacy,1,0,1,0,1,537,605,570,537,536,398,403,3,9,32,29,32,33,0,0,0,0,0
369,999,8319364772681350750,17970388543716880615,legacy,value,1,0,1,0,1,62,69,53,62,61,35,31,1,1,2,4,4,4,0,0,1,0,0
369,999,8319364772681350750,17970388543716880615,value,legacy,-1,1,0,0,2,93,90,96,92,93,53,63,0,3,4,4,9,6,0,0,0,0,0
370,999,18290682687180250710,17562698770809837668,legacy,value,1,0,1,0,1,69,71,58,69,68,40,39,0,0,4,4,5,3,0,0,0,0,0
370,999,18290682687180250710,17562698770809837668,value,legacy,1,0,1,0,1,584,646,613,584,583,424,434,6,3,33,32,28,32,0,0,1,0,0
371,999,2431486617059794237,4617297190330236547,legacy,value,1,0,1,0,1,33,38,25,33,32,18,16,0,1,1,2,2,1,0,0,0,0,0
371,999,2431486617059794237,4617297190330236547,value,legacy,-1,1,0,0,2,109,119,132,108,109,70,84,0,1,8,6,7,5,0,0,0,0,0
372,999,17065027716729461917,16166469719008612518,legacy,value,-1,1,0,0,2,287,314,342,286,287,213,214,1,2,20,17,15,15,0,0,0,0,0
372,999,17065027716729461917,16166469719008612518,value,legacy,-1,1,0,0,2,80,71,79,79,80,43,53,0,2,6,6,5,2,0,0,0,0,0
373,999,9297916590029169707,4342641244897783831,legacy,value,-1,1,0,0,2,35,35,47,34,35,20,23,0,0,2,3,3,1,0,0,0,0,0
373,999,9297916590029169707,4342641244897783831,value,legacy,1,0,1,0,1,1113,1233,1204,1113,1112,817,825,10,7,65,67,58,64,0,0,1,0,0
374,999,5497153725000006369,5190770945160514379,legacy,value,1,0,1,0,1,95,97,87,95,94,65,61,0,0,8,4,6,7,0,0,0,0,0
374,999,5497153725000006369,5190770945160514379,value,legacy,-1,1,0,0,2,348,381,366,347,348,236,266,0,2,24,20,18,17,0,0,0,1,0
375,999,10916940934661106976,4414961047709040167,legacy,value,1,0,1,0,1,224,234,218,224,223,160,154,3,1,15,15,10,11,0,0,0,0,0
375,999,10916940934661106976,4414961047709040167,value,legacy,1,0,1,0,1,44,46,29,44,43,21,17,0,0,1,3,4,3,0,0,0,0,0
376,999,12629815017732839004,3789482049773931569,legacy,value,-1,1,0,0,2,53,41,56,52,53,28,33,0,1,5,1,2,4,0,0,0,0,0
376,999,12629815017732839004,3789482049773931569,value,legacy,1,0,1,0,1,223,226,201,223,222,141,148,2,2,9,12,14,13,0,0,1,0,0
377,999,15285643524163133583,6448121792621456852,legacy,value,-1,1,0,0,2,120,108,134,119,120,78,77,2,0,6,6,6,10,0,0,0,1,0
377,999,15285643524163133583,6448121792621456852,value,legacy,1,0,1,0,1,169,188,164,169,168,113,123,0,2,13,13,9,5,0,0,0,0,0
378,999,17903677962127628919,16629765138858916721,legacy,value,1,0,1,0,1,211,229,213,211,210,158,152,3,5,9,11,12,11,0,0,0,1,0
378,999,17903677962127628919,16629765138858916721,value,legacy,1,0,1,0,1,200,236,205,200,199,145,142,2,2,11,10,10,10,0,0,0,0,0
379,999,17512753644607247452,5877886317840205455,legacy,value,1,0,1,0,1,238,273,251,238,237,179,187,4,1,13,12,10,10,0,0,0,0,0
379,999,17512753644607247452,5877886317840205455,value,legacy,1,0,1,0,1,86,87,76,86,85,59,49,0,0,5,4,6,5,0,0,0,0,0
380,999,11504642278626948752,6270180810688482128,legacy,value,-1,1,0,0,2,145,126,161,144,145,96,94,3,2,8,7,8,10,0,0,0,0,0
380,999,11504642278626948752,6270180810688482128,value,legacy,-1,1,0,0,2,555,640,593,554,555,391,450,4,6,32,31,29,20,0,0,1,0,0
381,999,13619182637780612477,4958070018579969085,legacy,value,1,0,1,0,1,122,141,120,122,121,83,79,2,1,8,7,7,9,0,0,0,0,0
381,999,13619182637780612477,4958070018579969085,value,legacy,-1,1,0,0,2,23,8,24,22,23,4,13,2,0,0,3,1,0,0,0,0,0,0
382,999,16558576115514038017,1189613139294654909,legacy,value,-1,1,0,0,2,785,848,870,784,785,576,580,7,5,48,49,42,45,0,0,0,1,0
382,999,16558576115514038017,1189613139294654909,value,legacy,-1,1,0,0,2,185,205,210,184,185,129,145,3,2,9,10,11,9,0,0,0,0,0
383,999,9269194405676631914,484379545884883187,legacy,value,1,0,1,0,1,549,594,556,549,548,392,394,3,5,36,25,28,31,0,0,0,0,0
383,999,9269194405676631914,484379545884883187,value,legacy,-1,1,0,0,2,225,237,232,224,225,139,167,4,2,14,16,14,10,0,0,0,0,0
384,999,7591154836283921572,16876493445462806447,legacy,value,1,0,1,0,1,325,356,354,325,324,250,229,1,4,22,18,16,16,0,0,0,0,0
384,999,7591154836283921572,16876493445462806447,value,legacy,1,0,1,0,1,78,92,75,78,77,52,50,0,0,7,8,4,3,0,0,0,0,0
385,999,3848187274997486660,5958286107440665894,legacy,value,-1,1,0,0,2,38,23,40,37,38,17,23,0,0,2,3,2,2,0,0,0,0,0
385,999,3848187274997486660,5958286107440665894,value,legacy,-1,1,0,0,2,33,19,27,32,33,11,17,0,0,2,1,2,2,0,0,0,0,0
386,999,13830048565759398334,6731063918123987137,legacy,value,1,0,1,0,1,91,91,86,91,90,70,48,3,2,7,3,3,7,0,0,0,0,0
386,999,13830048565759398334,6731063918123987137,value,legacy,1,0,1,0,1,95,100,95,95,94,68,57,1,0,4,6,7,6,0,0,0,0,0
387,999,13564271023260293409,17322260716258806063,legacy,value,1,0,1,0,1,184,194,189,184,183,134,124,3,2,14,14,6,8,0,0,0,0,0
387,999,13564271023260293409,17322260716258806063,value,legacy,1,0,1,0,1,78,85,72,78,77,58,51,2,1,5,5,3,5,0,0,0,0,0
388,999,1836909644007232014,5610913041710483217,legacy,value,1,0,1,0,1,122,106,101,122,121,73,65,1,2,7,5,7,9,0,0,0,0,0
388,999,1836909644007232014,5610913041710483217,value,legacy,-1,1,0,0,2,379,402,406,378,379,268,284,3,7,21,23,22,17,0,0,0,1,0
389,999,39000078748163286,5375528250133283523,legacy,value,-1,1,0,0,2,187,208,219,186,187,134,139,2,3,11,10,9,12,0,0,0,0,0
389,999,39000078748163286,5375528250133283523,value,legacy,-1,1,0,0,2,330,364,371,329,330,235,242,2,4,20,20,18,19,0,0,0,1,0
390,999,11155413015709827317,14381160902327360224,legacy,value,1,0,1,0,1,125,136,125,125,124,92,90,2,1,8,10,6,4,0,0,0,0,0
390,999,11155413015709827317,14381160902327360224,value,legacy,-1,1,0,0,2,295,288,292,294,295,188,201,5,2,17,10,14,19,0,0,1,0,0
391,999,4701782635397321039,2283736102303930554,legacy,value,1,0,1,0,1,1087,1094,1140,1087,1086,824,765,15,13,66,59,48,60,0,1,1,2,0
391,999,4701782635397321039,2283736102303930554,value,legacy,1,0,1,0,1,304,330,298,304,303,207,222,3,5,12,17,22,10,0,0,0,0,0
392,999,6465204217030535829,394668540389545951,legacy,value,-1,1,0,0,2,65,60,72,64,65,38,49,1,1,4,3,4,3,0,0,0,0,0
392,999,6465204217030535829,394668540389545951,value,legacy,-1,1,0,0,2,321,372,339,320,321,216,263,3,2,18,19,18,12,0,0,0,0,0
393,999,586712422877595494,2397480405630457626,legacy,value,1,0,1,0,1,174,180,174,174,173,129,122,2,1,9,9,3,13,0,0,0,0,0
393,999,586712422877595494,2397480405630457626,value,legacy,-1,1,0,0,2,280,302,292,279,280,187,212,2,5,15,20,18,11,0,0,1,1,0
394,999,12849027591100977907,17343747469919917264,legacy,value,1,0,1,0,1,397,425,416,397,396,295,288,4,3,29,26,14,18,0,0,0,0,0
394,999,12849027591100977907,17343747469919917264,value,legacy,1,0,1,0,1,99,109,85,99,98,60,59,1,0,4,5,9,6,0,0,0,0,0
395,999,14919832627944707203,7418891145317130135,legacy,value,1,0,1,0,1,499,541,542,499,498,385,366,1,4,37,36,24,23,0,0,0,1,0
395,999,14919832627944707203,7418891145317130135,value,legacy,-1,1,0,0,2,1043,1139,1057,1042,1043,709,801,11,7,61,64,60,47,0,0,3,1,0
396,999,5761840769526088169,6671377551176053093,legacy,value,-1,1,0,0,2,466,467,498,465,466,345,336,2,4,31,29,23,25,0,0,0,0,0
396,999,5761840769526088169,6671377551176053093,value,legacy,1,0,1,0,1,875,921,846,875,874,588,638,9,17,61,42,44,44,0,0,0,0,0
397,999,7401350887259709239,12798900004674130900,legacy,value,-1,1,0,0,2,216,215,239,215,216,160,162,1,2,11,16,12,11,0,0,0,0,0
397,999,7401350887259709239,12798900004674130900,value,legacy,1,0,1,0,1,259,275,249,259,258,174,172,0,5,16,18,20,12,0,0,0,0,0
398,999,6969204741624550868,10366190593092603206,legacy,value,-1,1,0,0,2,119,113,133,118,119,76,75,0,0,7,9,7,7,0,0,0,0,0
398,999,6969204741624550868,10366190593092603206,value,legacy,-1,1,0,0,2,221,219,225,220,221,141,149,1,2,14,11,16,16,0,0,0,0,0
399,999,7198018117876632388,4449324670332793670,legacy,value,-1,1,0,0,2,245,260,271,244,245,175,183,2,2,13,12,16,17,0,0,0,1,0
399,999,7198018117876632388,4449324670332793670,value,legacy,-1,1,0,0,2,38,28,47,37,38,19,27,0,1,2,2,2,3,0,0,0,0,0
400,999,8082454564006347628,9714247239953497402,legacy,value,1,0,1,0,1,329,348,336,329,328,239,229,6,2,17,21,13,15,0,0,0,0,0
400,999,8082454564006347628,9714247239953497402,value,legacy,-1,1,0,0,2,226,218,231,225,226,149,152,2,2,13,18,15,9,0,0,0,0,0
401,999,12640607158748964830,9992974643108189823,legacy,value,1,0,1,0,1,105,106,97,105,104,73,68,1,1,7,6,6,6,0,0,0,0,0
401,999,12640607158748964830,9992974643108189823,value,legacy,-1,1,0,0,2,122,119,128,121,122,76,86,0,1,7,11,6,6,0,0,0,0,0
402,999,14022081180560449872,17246177959599032960,legacy,value,-1,1,0,0,2,606,608,673,605,606,457,418,4,6,32,30,34,42,0,0,0,0,0
402,999,14022081180560449872,17246177959599032960,value,legacy,1,0,1,0,1,160,191,172,160,159,127,119,3,2,13,11,6,9,0,0,0,0,0
403,999,15241886509400411060,11215852019506863550,legacy,value,-1,1,0,0,2,135,122,155,134,135,91,88,0,2,10,7,8,10,0,0,0,0,0
403,999,15241886509400411060,11215852019506863550,value,legacy,-1,1,0,0,2,77,73,86,76,77,50,51,1,0,4,5,4,2,0,0,0,0,0
404,999,17422367231695405124,1952992778721925712,legacy,value,-1,1,0,0,2,76,65,88,75,76,50,46,1,1,5,5,2,5,0,0,0,0,0
404,999,17422367231695405124,1952992778721925712,value,legacy,1,0,1,0,1,111,129,106,111,110,82,78,0,4,6,8,7,3,0,0,0,0,0
405,999,77571035011447292,11626091348773625509,legacy,value,1,0,1,0,1,472,514,510,472,471,364,351,7,2,26,31,25,28,0,0,0,0,0
405,999,77571035011447292,11626091348773625509,value,legacy,1,0,1,0,1,174,190,186,174,173,125,114,1,0,11,7,9,14,0,0,0,0,0
406,999,7277268104685711587,1296859448433020543,legacy,value,1,0,1,0,1,545,591,597,545,544,426,399,6,11,32,30,28,22,0,0,0,0,0
406,999,7277268104685711587,1296859448433020543,value,legacy,-1,1,0,0,2,63,52,71,62,63,34,42,1,1,3,2,4,3,0,0,0,0,0
407,999,212485503743708192,2715360230826231737,legacy,value,1,0,1,0,1,207,246,225,207,206,159,149,3,4,13,12,10,8,0,0,1,0,0
407,999,212485503743708192,2715360230826231737,value,legacy,-1,1,0,0,2,37,22,37,36,37,14,19,0,0,2,2,3,2,0,0,0,0,0
408,999,13147893563300602527,3710468417799969096,legacy,value,-1,1,0,0,2,781,794,816,780,781,569,554,7,7,41,58,48,33,0,0,0,0,0
408,999,13147893563300602527,3710468417799969096,value,legacy,1,0,1,0,1,39,48,28,39,38,20,23,1,0,2,2,2,2,0,0,0,0,0
409,999,6318623249733274078,6721669330431936902,legacy,value,1,0,1,0,1,300,347,346,300,299,235,213,3,1,23,13,11,21,0,0,0,0,0
409,999,6318623249733274078,6721669330431936902,value,legacy,-1,1,0,0,2,80,87,90,79,80,50,63,0,0,5,4,4,4,0,0,0,0,0
410,999,13418005329719212227,8475270795920182837,legacy,value,1,0,1,0,1,241,263,249,241,240,175,171,4,3,13,14,12,12,0,0,0,0,0
410,999,13418005329719212227,8475270795920182837,value,legacy,1,0,1,0,1,524,582,556,524,523,380,388,7,3,31,34,29,27,0,0,1,0,0
411,999,7880118083775347865,8608102290056860590,legacy,value,1,0,1,0,1,161,178,164,161,160,120,117,1,3,14,11,5,5,0,0,1,0,0
411,999,7880118083775347865,8608102290056860590,value,legacy,-1,1,0,0,2,212,222,238,211,212,154,158,1,4,17,9,9,6,0,0,0,0,0
412,999,121795370753781286,9183191728823049782,legacy,value,-1,1,0,0,2,135,135,164,134,135,105,96,1,0,9,10,8,8,0,0,1,1,0
412,999,121795370753781286,9183191728823049782,value,legacy,-1,1,0,0,2,382,386,395,381,382,254,263,2,0,24,26,24,22,0,0,1,0,0
413,999,6255152035449097940,14191543967960878300,legacy,value,1,0,1,0,1,83,94,80,83,82,60,56,2,2,4,2,6,5,0,0,1,0,0
413,999,6255152035449097940,14191543967960878300,value,legacy,-1,1,0,0,2,141,148,155,140,141,95,103,4,1,4,7,8,6,0,0,0,0,0
414,999,10314651557657990269,11943404772800790931,legacy,value,1,0,1,0,1,43,41,31,43,42,26,18,1,0,4,2,0,3,0,0,0,0,0
414,999,10314651557657990269,11943404772800790931,value,legacy,-1,1,0,0,2,130,129,128,129,130,70,95,0,1,9,8,8,4,0,0,0,0,0
415,999,13250846763464009440,18430961520970717121,legacy,value,1,0,1,0,1,60,63,51,60,59,41,28,1,0,3,3,3,5,0,0,0,0,0
415,999,13250846763464009440,18430961520970717121,value,legacy,1,0,1,0,1,68,69,58,68,67,45,35,0,0,4,3,5,6,0,0,0,0,0
416,999,8927613196854260380,317781321995448353,legacy,value,1,0,1,0,1,346,369,359,346,345,251,245,5,4,19,19,19,14,0,0,0,1,0
416,999,8927613196854260380,317781321995448353,value,legacy,-1,1,0,0,2,356,360,382,355,356,260,262,5,5,15,19,22,22,0,0,0,1,0
417,999,10343066943129255603,1340100039259955005,legacy,value,1,0,1,0,1,228,272,269,228,227,190,171,2,2,16,15,10,12,0,0,0,0,0
417,999,10343066943129255603,1340100039259955005,value,legacy,-1,1,0,0,2,356,364,370,355,356,242,263,7,3,18,22,21,17,0,0,0,0,0
418,999,3598972022323024555,3683319541382281574,legacy,value,-1,1,0,0,2,116,111,125,115,116,75,79,3,0,7,8,5,5,0,0,0,0,0
418,999,3598972022323024555,3683319541382281574,value,legacy,-1,1,0,0,2,360,372,371,359,360,252,274,8,3,14,24,20,13,0,0,0,0,0
419,999,17536780306556693820,1796280134255245091,legacy,value,1,0,1,0,1,129,140,135,129,128,95,84,1,2,7,8,7,5,0,0,0,0,0
419,999,17536780306556693820,1796280134255245091,value,legacy,-1,1,0,0,2,425,445,426,424,425,296,325,5,3,24,21,24,22,0,0,0,0,0
420,999,15973702575647872663,5394228400351797060,legacy,value,1,0,1,0,1,90,81,77,90,89,66,50,1,0,5,5,5,7,0,0,0,0,0
420,999,15973702575647872663,5394228400351797060,value,legacy,-1,1,0,0,2,235,255,250,234,235,165,181,3,0,14,13,13,8,0,0,0,0,0
421,999,13995064881674582434,12544103637736169828,legacy,value,-1,1,0,0,2,180,165,179,179,180,117,123,5,4,11,10,9,7,0,0,0,1,0
421,999,13995064881674582434,12544103637736169828,value,legacy,-1,1,0,0,2,38,43,56,37,38,26,29,0,0,4,4,2,1,0,0,1,0,0
422,999,8983361245256985651,14757470144252820114,legacy,value,-1,1,0,0,2,374,394,416,373,374,276,274,6,4,22,22,20,24,0,0,0,0,0
422,999,8983361245256985651,14757470144252820114,value,legacy,1,0,1,0,1,656,712,682,656,655,481,490,9,5,34,36,41,34,0,0,0,0,0
423,999,6650435206712218819,14429908194466048724,legacy,value,1,0,1,0,1,1040,1095,1117,1040,1039,782,742,5,9,66,66,49,55,0,0,0,2,0
423,999,6650435206712218819,14429908194466048724,value,legacy,-1,1,0,0,2,195,204,216,194,195,140,153,3,3,11,11,10,8,0,0,0,0,0
424,999,13841928147125767463,17412734658342838273,legacy,value,1,0,1,0,1,53,46,38,53,52,28,21,2,0,2,3,4,4,0,0,0,0,0
424,999,13841928147125767463,17412734658342838273,value,legacy,1,0,1,0,1,594,662,636,594,593,440,444,4,8,46,34,19,31,0,0,0,0,0
425,999,8512476870454054851,13943513411662906323,legacy,value,1,0,1,0,1,187,216,211,187,186,151,141,2,2,11,13,11,8,0,0,0,0,0
425,999,8512476870454054851,13943513411662906323,value,legacy,1,0,1,0,1,132,134,128,132,131,93,83,0,0,11,10,6,9,0,0,0,0,0
426,999,2407670316091563346,14514302704700007903,legacy,value,-1,1,0,0,2,224,203,238,223,224,164,153,0,4,19,14,7,10,0,0,0,0,0
426,999,2407670316091563346,14514302704700007903,value,legacy,1,0,1,0,1,146,161,132,146,145,98,105,1,1,10,6,7,7,0,0,0,0,0
427,999,7219138786490015122,15821144441444968466,legacy,value,1,0,1,0,1,135,144,125,135,134,95,85,2,0,9,10,6,6,0,0,0,0,0
427,999,7219138786490015122,15821144441444968466,value,legacy,-1,1,0,0,2,138,144,147,137,138,91,107,1,0,7,10,7,3,0,0,0,0,0
428,999,1294600262654531954,14185315793525212646,legacy,value,1,0,1,0,1,30,44,21,30,29,20,13,0,0,1,3,2,1,0,0,0,0,0
428,999,1294600262654531954,14185315793525212646,value,legacy,-1,1,0,0,2,315,325,330,314,315,211,229,3,7,20,14,19,19,0,0,0,0,0
429,999,879650300418011021,4143666070883762267,legacy,value,1,0,1,0,1,130,137,134,130,129,100,83,0,0,7,10,6,8,0,0,0,0,0
429,999,879650300418011021,4143666070883762267,value,legacy,1,0,1,0,1,427,470,443,427,426,315,325,3,4,33,24,19,20,0,0,0,0,0
430,999,17515030634191243033,1315366322071386023,legacy,value,1,0,1,0,1,189,177,187,189,188,129,109,1,1,12,14,9,11,0,0,0,0,0
430,999,17515030634191243033,1315366322071386023,value,legacy,1,0,1,0,1,163,173,158,163,162,114,106,2,1,11,11,8,10,0,0,0,0,0
431,999,1715915949470566108,17627642492373540313,legacy,value,1,0,1,0,1,25,21,12,25,24,13,5,0,0,2,1,2,2,0,0,0,0,0
431,999,1715915949470566108,17627642492373540313,value,legacy,-1,1,0,0,2,40,38,44,39,40,22,30,0,0,3,1,2,3,0,0,0,0,0
432,999,13263856843085620075,12260312084836697834,legacy,value,1,0,1,0,1,42,46,33,42,41,28,17,0,0,2,3,2,3,0,0,0,0,0
432,999,13263856843085620075,12260312084836697834,value,legacy,-1,1,0,0,2,775,840,824,774,775,547,576,9,6,43,43,45,46,0,0,1,0,0
433,999,6655680079585022499,9716958710111561760,legacy,value,-1,1,0,0,2,388,412,446,387,388,309,295,6,4,23,20,20,23,0,0,0,0,0
433,999,6655680079585022499,9716958710111561760,value,legacy,-1,1,0,0,2,229,247,244,228,229,150,176,4,2,7,14,16,12,0,0,0,0,0
434,999,16448112869140007291,15262150959489437840,legacy,value,1,0,1,0,1,100,97,93,100,99,74,58,2,1,5,4,5,8,0,0,0,0,0
434,999,16448112869140007291,15262150959489437840,value,legacy,-1,1,0,0,2,465,474,497,464,465,327,335,2,4,30,32,26,20,0,0,0,1,0
435,999,6535375522526118965,8054063919259304885,legacy,value,1,0,1,0,1,364,354,370,364,363,264,236,6,1,17,18,21,25,0,0,0,0,0
435,999,6535375522526118965,8054063919259304885,value,legacy,-1,1,0,0,2,48,37,55,47,48,21,27,0,0,4,2,3,4,0,0,0,0,0
436,999,10040102837628366454,5757204334646658803,legacy,value,1,0,1,0,1,84,83,72,84,83,51,48,0,0,6,8,4,4,0,0,0,0,0
436,999,10040102837628366454,5757204334646658803,value,legacy,-1,1,0,0,2,300,331,302,299,300,197,237,2,4,21,11,16,19,0,0,0,0,0
437,999,14082997915272903232,11062458284034629557,legacy,value,-1,1,0,0,2,256,266,289,255,256,174,167,3,4,14,15,14,12,0,0,0,1,0
437,999,14082997915272903232,11062458284034629557,value,legacy,-1,1,0,0,2,77,78,83,76,77,46,58,1,1,4,3,5,5,0,0,2,0,0
438,999,14359580594907244046,15045947972806235105,legacy,value,1,0,1,0,1,96,100,85,96,95,63,53,1,0,7,4,5,8,0,0,0,0,0
438,999,14359580594907244046,15045947972806235105,value,legacy,1,0,1,0,1,396,445,420,396,395,284,289,2,2,20,25,27,23,0,0,0,0,0
439,999,2921251898932972163,2368344645742279255,legacy,value,-1,1,0,0,2,39,28,51,38,39,18,21,1,0,3,2,1,2,0,0,0,1,0
439,999,2921251898932972163,2368344645742279255,value,legacy,-1,1,0,0,2,174,174,189,173,174,123,122,0,1,9,10,10,10,0,0,0,0,0
440,999,1352607674626583136,9485352315124294171,legacy,value,-1,1,0,0,2,139,140,144,138,139,89,100,3,0,10,6,6,10,0,0,0,0,0
440,999,1352607674626583136,9485352315124294171,value,legacy,1,0,1,0,1,34,34,22,34,33,16,14,0,2,1,1,3,2,0,0,0,0,0
441,999,17958587288202294486,7014417666254266661,legacy,value,1,0,1,0,1,442,459,448,442,441,305,300,7,4,27,26,15,27,0,0,0,1,0
441,999,17958587288202294486,7014417666254266661,value,legacy,-1,1,0,0,2,29,19,44,28,29,13,20,0,0,3,2,0,2,0,0,0,0,0
442,999,6845705574551239602,14458863708763602355,legacy,value,-1,1,0,0,2,582,633,631,581,582,422,442,8,6,30,40,35,29,0,0,0,2,0
442,999,6845705574551239602,14458863708763602355,value,legacy,1,0,1,0,1,144,167,147,144,143,99,96,3,2,8,8,7,7,0,0,0,1,0
443,999,1580519599601905670,16575523024640965032,legacy,value,-1,1,0,0,2,202,185,210,201,202,132,126,2,3,9,17,12,5,0,0,0,2,0
443,999,1580519599601905670,16575523024640965032,value,legacy,-1,1,0,0,2,646,702,688,645,646,469,492,4,10,37,39,39,31,0,0,0,0,0
444,999,9379110319440881038,16660464219306499421,legacy,value,1,0,1,0,1,316,352,351,316,315,240,225,1,2,19,18,16,17,0,0,0,0,0
444,999,9379110319440881038,16660464219306499421,value,legacy,1,0,1,0,1,209,225,214,209,208,153,149,4,0,11,15,11,10,0,0,0,0,0
445,999,9033948151897146021,4984590934668246145,legacy,value,1,0,1,0,1,441,463,456,441,440,326,316,5,9,28,23,26,25,0,0,1,0,0
445,999,9033948151897146021,4984590934668246145,value,legacy,1,0,1,0,1,394,409,391,394,393,274,271,3,4,24,25,21,18,0,0,0,0,0
446,999,12114725225420257682,9260935609693433055,legacy,value,1,0,1,0,1,118,121,120,118,117,90,77,2,0,4,8,6,8,0,0,0,0,0
446,999,12114725225420257682,9260935609693433055,value,legacy,-1,1,0,0,2,352,357,360,351,352,238,260,2,1,23,31,20,12,0,0,2,0,0
447,999,2781214667376138993,16456945169312218153,legacy,value,1,0,1,0,1,259,288,270,259,258,184,173,3,3,16,13,15,19,0,0,0,0,0
447,999,2781214667376138993,16456945169312218153,value,legacy,-1,1,0,0,2,48,37,51,47,48,21,31,0,1,2,2,5,2,0,0,0,0,0
448,999,14587111902307381817,255415353590172482,legacy,value,-1,1,0,0,2,321,321,353,320,321,234,228,3,1,17,26,17,14,0,0,0,1,0
448,999,14587111902307381817,255415353590172482,value,legacy,-1,1,0,0,2,156,142,152,155,156,92,94,1,0,12,5,9,15,0,0,0,0,0
449,999,11718976033890456605,113978224717272092,legacy,value,1,0,1,0,1,117,108,103,117,116,78,64,0,0,9,6,5,8,0,0,0,1,0
449,999,11718976033890456605,113978224717272092,value,legacy,-1,1,0,0,2,688,747,734,687,688,489,516,7,6,46,34,25,45,0,0,1,1,0
450,999,8575858052001011810,1054730937851766178,legacy,value,1,0,1,0,1,84,75,79,84,83,57,43,1,0,4,6,3,5,0,0,0,0,0
450,999,8575858052001011810,1054730937851766178,value,legacy,-1,1,0,0,2,173,176,170,172,173,101,125,2,3,10,9,11,11,0,0,0,0,0
451,999,14158543303625186653,12666363533530066726,legacy,value,-1,1,0,0,2,69,54,71,68,69,36,44,0,1,4,4,4,3,0,0,0,0,0
451,999,14158543303625186653,12666363533530066726,value,legacy,-1,1,0,0,2,253,272,264,252,253,163,197,2,2,16,14,14,10,0,0,0,0,0
452,999,10946462823073993433,1448537246422542523,legacy,value,1,0,1,0,1,888,946,972,888,887,693,644,7,7,51,54,41,54,0,0,0,3,0
452,999,10946462823073993433,1448537246422542523,value,legacy,-1,1,0,0,2,726,755,724,725,726,497,540,7,5,43,44,46,32,0,0,2,0,0
453,999,12517687281627538293,6167851467424895893,legacy,value,1,0,1,0,1,77,81,76,77,76,53,44,0,0,5,4,6,6,0,0,0,0,0
453,999,12517687281627538293,6167851467424895893,value,legacy,-1,1,0,0,2,144,136,129,143,144,80,101,3,1,6,11,9,5,0,0,0,0,0
454,999,3900095892631566103,5919548475303864723,legacy,value,1,0,1,0,1,272,294,280,272,271,196,195,0,2,13,16,17,15,0,0,0,0,0
454,999,3900095892631566103,5919548475303864723,value,legacy,-1,1,0,0,2,368,393,368,367,368,235,277,1,4,28,21,21,15,0,0,0,0,0
455,999,7609180649980623392,5614741465860260721,legacy,value,1,0,1,0,1,386,416,466,386,385,328,269,4,2,23,24,13,19,0,0,0,1,0
455,999,7609180649980623392,5614741465860260721,value,legacy,-1,1,0,0,2,153,147,147,152,153,94,110,3,2,8,12,10,3,0,0,0,0,0
456,999,8644121406180564738,13888380963451951889,legacy,value,-1,1,0,0,2,382,359,398,381,382,265,251,4,2,14,22,22,23,0,1,0,0,0
456,999,8644121406180564738,13888380963451951889,value,legacy,-1,1,0,0,2,51,51,58,50,51,32,37,0,0,5,2,2,5,0,0,0,0,0
457,999,11078454410032089645,14339674113520449428,legacy,value,-1,1,0,0,2,549,538,580,548,549,408,393,9,4,30,34,24,35,0,0,0,0,0
457,999,11078454410032089645,14339674113520449428,value,legacy,1,0,1,0,1,116,155,111,116,115,78,92,0,1,6,10,6,4,0,0,0,0,0
458,999,13331406162148580736,17733295783351220607,legacy,value,1,0,1,0,1,360,403,387,360,359,272,266,2,5,18,26,19,14,0,0,0,0,0
458,999,13331406162148580736,17733295783351220607,value,legacy,-1,1,0,0,2,217,222,231,216,217,140,153,3,1,9,12,15,13,0,0,0,1,0
459,999,2043827712540905552,5065778846601429500,legacy,value,1,0,1,0,1,231,250,240,231,230,181,173,2,4,14,13,10,12,0,0,0,0,0
459,999,2043827712540905552,5065778846601429500,value,legacy,-1,1,0,0,2,558,609,605,557,558,394,415,11,8,21,20,37,36,0,1,0,0,0
460,999,10377009378006106200,2617273470918644434,legacy,value,1,0,1,0,1,223,246,229,223,222,163,164,2,3,14,14,9,9,0,0,0,0,0
460,999,10377009378006106200,2617273470918644434,value,legacy,-1,1,0,0,2,555,593,606,554,555,423,426,6,5,33,29,28,25,1,0,1,0,0
461,999,4917352488398669661,9234735120446274685,legacy,value,1,0,1,0,1,223,255,253,223,222,175,163,3,4,11,10,10,16,0,0,0,0,0
461,999,4917352488398669661,9234735120446274685,value,legacy,-1,1,0,0,2,102,88,96,101,102,59,66,0,1,6,4,7,8,0,0,0,0,0
462,999,1604846134283492178,3274458421242617932,legacy,value,1,0,1,0,1,33,33,23,33,32,21,16,1,0,4,2,0,2,0,0,0,0,0
462,999,1604846134283492178,3274458421242617932,value,legacy,-1,1,0,0,2,44,35,49,43,44,23,26,0,0,3,2,2,3,0,0,0,0,0
463,999,10354344956889787039,3443156135425661018,legacy,value,-1,1,0,0,2,389,421,429,388,389,285,299,5,6,12,16,23,22,0,0,0,0,0
463,999,10354344956889787039,3443156135425661018,value,legacy,1,0,1,0,1,73,79,73,73,72,60,44,1,1,5,4,4,4,0,0,0,0,0
464,999,794319125674822899,7729543163661635960,legacy,value,-1,1,0,0,2,367,367,392,366,367,272,271,7,3,21,22,16,22,0,0,0,0,0
464,999,794319125674822899,7729543163661635960,value,legacy,-1,1,0,0,2,226,236,235,225,226,154,173,3,3,15,14,12,11,0,0,0,0,0
465,999,13239638883421830739,353105788461258600,legacy,value,1,0,1,0,1,318,323,326,318,317,228,208,1,5,17,12,18,26,0,0,0,0,0
465,999,13239638883421830739,353105788461258600,value,legacy,1,0,1,0,1,402,431,393,402,401,281,286,4,8,21,18,25,26,0,0,0,0,0
466,999,5200514239122663520,9380464589768462936,legacy,value,-1,1,0,0,2,288,304,332,287,288,211,203,5,4,15,25,15,10,0,0,0,0,0
466,999,5200514239122663520,9380464589768462936,value,legacy,-1,1,0,0,2,202,217,219,201,202,133,147,0,4,9,10,16,11,0,0,1,0,0
467,999,1114153656544927925,9802065212071619949,legacy,value,1,0,1,0,1,359,399,374,359,358,267,271,2,4,26,25,16,17,0,0,0,0,0
467,999,1114153656544927925,9802065212071619949,value,legacy,1,0,1,0,1,277,307,302,277,276,215,194,0,1,21,14,13,17,0,0,0,0,0
468,999,17755289510874199970,9192814756055460500,legacy,value,1,0,1,0,1,67,71,53,67,66,43,41,1,0,4,5,3,2,0,0,1,0,0
468,999,17755289510874199970,9192814756055460500,value,legacy,1,0,1,0,1,94,90,61,94,93,50,61,0,1,4,6,10,2,0,0,0,0,0
469,999,17816401576732946010,7546975234235456080,legacy,value,1,0,1,0,1,651,724,704,651,650,503,498,4,12,38,29,34,38,0,0,0,1,0
469,999,17816401576732946010,7546975234235456080,value,legacy,-1,1,0,0,2,135,134,162,134,135,93,97,1,1,7,8,8,9,0,0,0,0,0
470,999,17139742028047759054,10361169903799618506,legacy,value,1,0,1,0,1,25,26,17,25,24,17,11,0,0,1,2,2,1,0,0,0,0,0
470,999,17139742028047759054,10361169903799618506,value,legacy,1,0,1,0,1,145,144,120,145,144,92,96,0,3,9,8,11,5,0,0,0,0,0
471,999,15401844938090641833,15843995428289742209,legacy,value,-1,1,0,0,2,60,42,54,59,60,29,35,1,0,4,4,2,4,0,0,0,0,0
471,999,15401844938090641833,15843995428289742209,value,legacy,-1,1,0,0,2,331,366,360,330,331,236,261,8,3,18,18,15,16,0,0,1,0,0
472,999,12540276227558911272,6055899534619391455,legacy,value,1,0,1,0,1,67,73,55,67,66,47,35,0,1,7,4,2,4,0,0,0,0,0
472,999,12540276227558911272,6055899534619391455,value,legacy,1,0,1,0,1,148,165,157,148,147,109,99,2,2,5,8,10,9,0,0,0,0,0
473,999,7610335912144803890,9566406096086911445,legacy,value,-1,1,0,0,2,69,61,69,68,69,40,43,0,0,6,7,2,2,0,0,1,0,0
473,999,7610335912144803890,9566406096086911445,value,legacy,-1,1,0,0,2,61,57,75,60,61,37,43,1,0,4,7,4,1,0,0,1,0,0
474,999,4283238804809314131,11696848778725997025,legacy,value,1,0,1,0,1,416,426,440,416,415,312,287,5,6,18,20,26,26,0,0,0,0,0
474,999,4283238804809314131,11696848778725997025,value,legacy,-1,1,0,0,2,60,45,54,59,60,24,40,0,0,3,5,5,1,0,0,0,0,0
475,999,12375441453140555820,11805159772336023551,legacy,value,1,0,1,0,1,248,257,251,248,247,188,178,2,0,11,14,11,14,0,0,0,0,0
475,999,12375441453140555820,11805159772336023551,value,legacy,-1,1,0,0,2,63,48,56,62,63,28,35,1,1,2,5,6,4,0,0,0,0,0
476,999,869448709997675747,17325769377913323586,legacy,value,1,0,1,0,1,345,370,364,345,344,260,255,3,3,18,18,25,18,0,0,1,0,0
476,999,869448709997675747,17325769377913323586,value,legacy,-1,1,0,0,2,246,248,244,245,246,162,185,1,3,14,15,13,11,0,0,1,0,0
477,999,12748951993877646056,3418603818810119454,legacy,value,1,0,1,0,1,151,160,154,151,150,102,96,2,1,11,10,6,9,0,0,0,0,0
477,999,12748951993877646056,3418603818810119454,value,legacy,-1,1,0,0,2,61,51,61,60,61,31,42,0,0,4,2,4,5,0,0,0,0,0
478,999,7808908227965897487,3321927493726915105,legacy,value,1,0,1,0,1,283,265,278,283,282,210,181,3,2,17,15,12,15,0,0,0,1,0
478,999,7808908227965897487,3321927493726915105,value,legacy,-1,1,0,0,2,250,235,249,249,250,169,170,3,4,10,13,18,17,0,0,0,1,0
479,999,5347419272573516536,1098885197534192179,legacy,value,-1,1,0,0,2,34,22,34,33,34,12,19,0,0,2,3,2,2,0,0,1,0,0
479,999,5347419272573516536,1098885197534192179,value,legacy,1,0,1,0,1,265,302,269,265,264,189,200,4,2,21,20,10,11,0,0,1,0,0
480,999,16302985686979154293,3577474146401323666,legacy,value,1,0,1,0,1,319,332,327,319,318,230,218,3,5,19,17,15,18,0,0,0,0,0
480,999,16302985686979154293,3577474146401323666,value,legacy,-1,1,0,0,2,846,920,895,845,846,593,634,6,8,59,42,46,42,0,0,1,0,0
481,999,6396617417648835326,5123339608970777053,legacy,value,-1,1,0,0,2,314,331,364,313,314,219,221,2,3,21,26,12,13,0,0,0,0,0
481,999,6396617417648835326,5123339608970777053,value,legacy,-1,1,0,0,2,167,177,182,166,167,109,125,1,1,11,12,10,7,0,0,1,0,0
482,999,2422403524555864283,9999978025595491968,legacy,value,1,0,1,0,1,114,118,109,114,113,77,71,0,2,6,4,8,9,0,0,0,0,0
482,999,2422403524555864283,9999978025595491968,value,legacy,-1,1,0,0,2,590,616,594,589,590,405,441,4,7,38,34,35,26,0,0,0,0,0
483,999,6437236942861759769,1686455029043231480,legacy,value,-1,1,0,0,2,471,477,480,470,471,329,340,4,4,21,29,28,26,0,0,0,0,0
483,999,6437236942861759769,1686455029043231480,value,legacy,-1,1,0,0,2,125,129,133,124,125,75,93,2,0,8,6,8,5,0,0,0,0,0
484,999,3179923549322405416,4311285870388851085,legacy,value,-1,1,0,0,2,389,418,447,388,389,290,281,3,2,17,22,24,23,0,0,1,0,0
484,999,3179923549322405416,4311285870388851085,value,legacy,1,0,1,0,1,221,234,210,221,220,154,155,1,3,14,11,14,11,0,0,0,0,0
485,999,9485176906604497723,12730777091611336290,legacy,value,-1,1,0,0,2,470,474,490,469,470,334,338,3,4,28,26,28,27,0,0,0,0,0
485,999,9485176906604497723,12730777091611336290,value,legacy,-1,1,0,0,2,351,400,413,350,351,248,264,4,5,17,20,24,11,0,0,0,2,0
486,999,14766259630531968779,17408575451249838842,legacy,value,1,0,1,0,1,117,117,109,117,116,74,67,1,0,8,7,5,9,0,0,0,0,0
486,999,14766259630531968779,17408575451249838842,value,legacy,1,0,1,0,1,414,440,426,414,413,298,297,2,3,29,22,18,25,0,0,0,0,0
487,999,15772139667999401663,11922265611920786039,legacy,value,1,0,1,0,1,73,81,68,73,72,53,45,1,1,3,5,5,2,0,0,0,1,0
487,999,15772139667999401663,11922265611920786039,value,legacy,1,0,1,0,1,50,40,33,50,49,28,25,0,1,3,4,2,1,0,0,0,0,0
488,999,848071131984337584,17442331023666525387,legacy,value,-1,1,0,0,2,180,192,194,179,180,125,138,3,1,6,9,15,9,0,0,0,0,0
488,999,848071131984337584,17442331023666525387,value,legacy,1,0,1,0,1,627,670,619,627,626,441,467,5,5,41,36,35,26,0,0,0,0,0
489,999,5755346386295388664,14953859138043165154,legacy,value,1,0,1,0,1,317,307,325,317,316,238,205,3,5,21,19,13,19,0,0,0,0,0
489,999,5755346386295388664,14953859138043165154,value,legacy,1,0,1,0,1,133,154,133,133,132,102,101,3,0,8,7,5,8,0,0,0,0,0
490,999,12453244679449215700,2730563432807056186,legacy,value,1,0,1,0,1,638,670,676,638,637,466,444,5,3,38,39,29,37,0,0,1,0,0
490,999,12453244679449215700,2730563432807056186,value,legacy,1,0,1,0,1,87,90,74,87,86,51,54,2,1,3,2,6,7,0,0,0,0,0
491,999,14065971665197178233,3064955264372508178,legacy,value,-1,1,0,0,2,281,302,320,280,281,206,209,5,2,13,17,19,17,0,0,0,0,0
491,999,14065971665197178233,3064955264372508178,value,legacy,1,0,1,0,1,586,689,624,586,585,420,451,5,10,36,39,31,18,0,0,1,1,0
492,999,1507421026875170834,6930494189055599589,legacy,value,1,0,1,0,1,97,101,94,97,96,67,56,0,1,6,9,6,3,0,0,0,0,0
492,999,1507421026875170834,6930494189055599589,value,legacy,-1,1,0,0,2,62,54,70,61,62,37,43,2,1,4,4,2,2,0,0,0,0,0
493,999,10028678329806574127,5735395192281702355,legacy,value,-1,1,0,0,2,618,593,649,617,618,431,404,7,7,40,36,28,32,0,0,1,0,0
493,999,10028678329806574127,5735395192281702355,value,legacy,-1,1,0,0,2,75,65,76,74,75,43,50,0,1,5,4,3,5,0,0,0,0,0
494,999,10190908884454614155,14726783263461322040,legacy,value,1,0,1,0,1,458,506,476,458,457,355,350,6,3,32,28,16,22,0,0,0,0,0
494,999,10190908884454614155,14726783263461322040,value,legacy,-1,1,0,0,2,193,204,196,192,193,132,155,2,1,12,14,12,9,0,0,0,0,0
495,999,17094405291289659116,2102151539797851664,legacy,value,1,0,1,0,1,37,33,24,37,36,23,14,0,0,2,3,3,2,0,0,0,0,0
495,999,17094405291289659116,2102151539797851664,value,legacy,1,0,1,0,1,87,107,88,87,86,61,56,0,1,7,4,3,5,0,0,0,0,0
496,999,5020453319109762991,14900907166844385819,legacy,value,1,0,1,0,1,144,129,130,144,143,100,82,1,1,12,10,4,8,0,0,0,0,0
496,999,5020453319109762991,14900907166844385819,value,legacy,-1,1,0,0,2,36,24,44,35,36,15,19,1,0,1,4,3,1,0,0,0,0,0
497,999,4099720316727195234,7599173300253420131,legacy,value,-1,1,0,0,2,114,98,111,113,114,64,68,1,1,9,4,6,9,0,0,0,0,0
497,999,4099720316727195234,7599173300253420131,value,legacy,-1,1,0,0,2,35,22,36,34,35,11,17,0,0,2,3,3,2,0,0,0,0,0
498,999,7529733889271464261,8452345588284066214,legacy,value,1,0,1,0,1,809,838,839,809,808,560,546,14,7,47,39,41,58,0,0,0,0,0
498,999,7529733889271464261,8452345588284066214,value,legacy,-1,1,0,0,2,166,162,172,165,166,105,114,1,0,9,10,11,12,0,0,0,0,0
499,999,13248212683240637157,15924219129883769017,legacy,value,-1,1,0,0,2,200,195,214,199,200,126,134,1,3,9,13,12,10,0,0,0,0,0
499,999,13248212683240637157,15924219129883769017,value,legacy,-1,1,0,0,2,409,453,442,408,409,303,321,3,7,23,14,20,27,0,0,0,0,0
500,999,4939477431368772876,6134552264458065794,legacy,value,-1,1,0,0,2,76,70,88,75,76,45,47,0,0,6,3,5,7,0,0,0,0,0
500,999,4939477431368772876,6134552264458065794,value,legacy,1,0,1,0,1,973,1058,1005,973,972,718,748,6,12,69,56,51,47,0,1,0,0,0
501,999,6078676937387354124,7076843302719742143,legacy,value,1,0,1,0,1,209,224,218,209,208,148,135,0,1,18,15,9,13,0,0,0,1,0
501,999,6078676937387354124,7076843302719742143,value,legacy,-1,1,0,0,2,109,98,113,108,109,66,67,0,1,8,8,5,6,0,0,0,0,0
502,999,9050125890139343474,4660527862053990923,legacy,value,1,0,1,0,1,120,134,121,120,119,87,79,3,1,7,3,5,12,0,0,0,0,0
502,999,9050125890139343474,4660527862053990923,value,legacy,-1,1,0,0,2,165,164,174,164,165,111,118,2,1,7,12,12,6,0,0,0,0,0
503,999,10487211897465519169,14990107623615389075,legacy,value,1,0,1,0,1,61,63,54,61,60,40,27,0,1,5,1,4,6,0,0,0,0,0
503,999,10487211897465519169,14990107623615389075,value,legacy,-1,1,0,0,2,184,185,178,183,184,111,129,2,2,13,10,10,8,0,0,0,0,0
504,999,2130283740291567557,13309194146476778310,legacy,value,1,0,1,0,1,40,48,29,40,39,27,19,1,1,2,3,2,2,0,0,0,0,0
504,999,2130283740291567557,13309194146476778310,value,legacy,1,0,1,0,1,130,143,124,130,129,88,91,0,2,9,7,7,7,0,0,1,0,0
505,999,6376570129815549500,16538161077863103656,legacy,value,-1,1,0,0,2,522,549,579,521,522,385,377,9,6,30,37,26,24,0,0,0,0,0
505,999,6376570129815549500,16538161077863103656,value,legacy,1,0,1,0,1,754,842,819,754,753,571,570,16,11,35,38,38,32,0,0,1,0,0
506,999,12801331660079686411,16703691633066704202,legacy,value,-1,1,0,0,2,250,261,279,249,250,181,185,4,3,11,13,13,16,0,0,0,0,0
506,999,12801331660079686411,16703691633066704202,value,legacy,-1,1,0,0,2,27,18,35,26,27,10,19,0,0,3,2,0,2,0,0,0,0,0
507,999,5977290551059914317,2379960639784224502,legacy,value,-1,1,0,0,2,76,65,78,75,76,45,53,1,1,4,6,4,2,0,0,0,1,0
507,999,5977290551059914317,2379960639784224502,value,legacy,-1,1,0,0,2,192,195,204,191,192,135,143,1,3,11,9,13,12,0,0,0,1,0
508,999,4740533600916557525,937446257351535718,legacy,value,-1,1,0,0,2,27,15,31,26,27,10,18,0,0,2,1,1,3,0,0,0,0,0
508,999,4740533600916557525,937446257351535718,value,legacy,1,0,1,0,1,338,380,331,338,337,240,258,3,4,22,16,21,17,0,0,1,0,0
509,999,16472836861851406525,1332008554886869698,legacy,value,-1,1,0,0,2,213,231,240,212,213,145,152,2,4,12,17,11,6,0,0,0,0,0
509,999,16472836861851406525,1332008554886869698,value,legacy,-1,1,0,0,2,75,66,81,74,75,51,55,0,2,2,3,6,3,0,0,0,0,0
510,999,17808481514102294102,9166709980095448960,legacy,value,1,0,1,0,1,80,85,69,80,79,51,49,2,0,5,5,3,5,0,0,0,0,0
510,999,17808481514102294102,9166709980095448960,value,legacy,-1,1,0,0,2,161,159,160,160,161,99,115,1,1,11,9,10,11,0,0,1,1,0
511,999,5454256880895601613,938767998099720391,legacy,value,-1,1,0,0,2,50,33,50,49,50,24,26,1,0,3,3,3,3,0,0,0,0,0
511,999,5454256880895601613,938767998099720391,value,legacy,1,0,1,0,1,558,593,556,558,557,401,411,7,5,37,41,28,22,0,0,1,0,0
512,999,7018680140235545050,16256933113345184693,legacy,value,-1,1,0,0,2,615,622,677,614,615,472,438,9,7,38,29,23,36,0,0,0,1,0
512,999,7018680140235545050,16256933113345184693,value,legacy,1,0,1,0,1,242,247,233,242,241,172,167,1,2,15,20,13,9,0,0,0,0,0
513,999,7264093034740374280,13599095566533771188,legacy,value,-1,1,0,0,2,246,245,268,245,246,174,171,4,1,15,13,12,16,0,0,0,0,0
513,999,7264093034740374280,13599095566533771188,value,legacy,-1,1,0,0,2,171,175,181,170,171,114,124,3,1,10,10,10,11,0,0,0,0,0
514,999,2412256308150229185,14010376103334526317,legacy,value,1,0,1,0,1,281,297,302,281,280,204,185,5,3,14,21,16,11,0,0,1,1,0
514,999,2412256308150229185,14010376103334526317,value,legacy,1,0,1,0,1,409,440,422,409,408,297,296,5,4,24,20,20,26,0,0,0,0,0
515,999,9959738141404771002,17049705111062973488,legacy,value,-1,1,0,0,2,329,328,353,328,329,231,226,3,4,23,17,15,22,0,0,0,1,0
515,999,9959738141404771002,17049705111062973488,value,legacy,1,0,1,0,1,190,194,169,190,189,133,137,5,1,13,10,6,9,0,0,1,0,0
516,999,10459454088371210279,5790947902583422707,legacy,value,1,0,1,0,1,397,415,402,397,396,295,289,6,3,20,28,24,23,0,0,0,0,0
516,999,10459454088371210279,5790947902583422707,value,legacy,-1,1,0,0,2,361,396,396,360,361,278,288,5,2,13,15,21,17,0,0,0,0,0
517,999,12741417016709911668,17356718576824142932,legacy,value,-1,1,0,0,2,511,548,564,510,511,368,372,6,3,33,31,21,30,0,0,0,0,0
517,999,12741417016709911668,17356718576824142932,value,legacy,-1,1,0,0,2,776,839,787,775,776,526,587,9,12,50,38,39,36,0,0,0,1,0
518,999,15891039476464466369,17841974718444574528,legacy,value,1,0,1,0,1,112,126,113,112,111,88,75,2,2,7,8,5,5,0,0,0,0,0
518,999,15891039476464466369,17841974718444574528,value,legacy,-1,1,0,0,2,52,44,50,51,52,25,36,0,0,4,2,3,5,0,0,0,0,0
519,999,1060502143422909254,9117607989121748793,legacy,value,1,0,1,0,1,204,212,197,204,203,145,135,3,1,13,14,8,9,0,0,1,0,0
519,999,1060502143422909254,9117607989121748793,value,legacy,-1,1,0,0,2,131,144,144,130,131,78,90,0,1,9,10,6,3,0,0,0,1,0
520,999,9170475957837095012,606367904466927603,legacy,value,1,0,1,0,1,154,170,167,154,153,116,96,0,3,8,11,8,7,0,0,0,1,0
520,999,9170475957837095012,606367904466927603,value,legacy,-1,1,0,0,2,699,775,728,698,699,493,548,8,9,43,40,39,27,0,0,1,0,0
521,999,5567211885625133386,15964648732863281206,legacy,value,-1,1,0,0,2,76,82,103,75,76,59,60,0,0,7,5,2,3,0,0,0,0,0
521,999,5567211885625133386,15964648732863281206,value,legacy,-1,1,0,0,2,80,72,93,79,80,53,52,0,0,7,7,3,3,0,0,0,0,0
522,999,6408577518120912359,5242798575916490580,legacy,value,1,0,1,0,1,22,17,9,22,21,13,4,0,0,1,0,1,2,0,0,0,0,0
522,999,6408577518120912359,5242798575916490580,value,legacy,1,0,1,0,1,163,171,149,163,162,113,117,1,4,11,8,8,8,0,0,0,0,0
523,999,2795786262504171750,15485159810251744588,legacy,value,1,0,1,0,1,26,39,17,26,25,19,10,0,1,2,1,2,1,0,0,0,0,0
523,999,2795786262504171750,15485159810251744588,value,legacy,-1,1,0,0,2,467,487,475,466,467,311,341,3,3,27,31,30,19,0,0,0,0,0
524,999,11962579954127005723,15479445181610205447,legacy,value,1,0,1,0,1,56,54,46,56,55,33,31,0,0,6,4,1,2,0,0,0,0,0
524,999,11962579954127005723,15479445181610205447,value,legacy,-1,1,0,0,2,68,64,68,67,68,34,47,0,0,5,8,1,2,0,0,0,0,0
525,999,1060946549769329640,14336459925005832354,legacy,value,1,0,1,0,1,640,665,652,640,639,466,462,6,4,37,38,37,34,0,0,0,0,0
525,999,1060946549769329640,14336459925005832354,value,legacy,-1,1,0,0,2,43,35,49,42,43,23,31,0,0,3,4,2,2,0,0,0,0,0
526,999,13897840756210700692,14780953383144226722,legacy,value,-1,1,0,0,2,830,838,871,829,830,620,614,10,10,52,58,41,44,0,0,0,0,0
526,999,13897840756210700692,14780953383144226722,value,legacy,-1,1,0,0,2,70,72,75,69,70,44,55,0,0,7,6,1,2,0,0,0,0,0
527,999,13976322838912116879,2878073735798319522,legacy,value,-1,1,0,0,2,162,139,167,161,162,106,107,2,1,11,12,5,8,0,0,0,0,0
527,999,13976322838912116879,2878073735798319522,value,legacy,-1,1,0,0,2,60,55,65,59,60,33,39,1,3,3,3,3,3,0,0,0,0,0
528,999,6247656298617132095,15386256109988948988,legacy,value,1,0,1,0,1,152,165,148,152,151,115,104,2,2,7,9,8,6,0,0,0,0,0
528,999,6247656298617132095,15386256109988948988,value,legacy,-1,1,0,0,2,380,417,409,379,380,275,303,6,3,16,25,25,17,0,0,0,0,0
529,999,15923465143021339485,7247862813957319101,legacy,value,1,0,1,0,1,979,1052,1050,979,978,732,715,15,10,54,62,47,50,0,0,1,0,0
529,999,15923465143021339485,7247862813957319101,value,legacy,-1,1,0,0,2,790,842,829,789,790,553,585,3,10,53,47,38,45,0,0,0,0,0
530,999,13355353033892741960,6742725024555701517,legacy,value,-1,1,0,0,2,694,726,761,693,694,500,483,8,7,36,37,38,43,0,0,2,0,0
530,999,13355353033892741960,6742725024555701517,value,legacy,1,0,1,0,1,56,61,47,56,55,36,31,1,1,3,5,3,2,0,0,0,0,0
531,999,807386225323414532,8900495213871519158,legacy,value,1,0,1,0,1,147,167,141,147,146,97,99,0,0,7,8,10,9,0,0,1,0,0
531,999,807386225323414532,8900495213871519158,value,legacy,1,0,1,0,1,569,654,596,569,568,397,429,3,5,40,28,26,33,0,0,1,1,0
532,999,17976033151303505199,974827241326714937,legacy,value,1,0,1,0,1,725,786,813,725,724,563,523,9,6,54,36,22,42,0,0,0,1,0
532,999,17976033151303505199,974827241326714937,value,legacy,1,0,1,0,1,287,299,296,287,286,204,196,1,6,17,17,15,13,0,0,0,1,0
533,999,10963159520927270213,10203197267399841476,legacy,value,-1,1,0,0,2,471,486,525,470,471,359,354,2,4,41,26,18,29,0,0,2,0,0
533,999,10963159520927270213,10203197267399841476,value,legacy,1,0,1,0,1,97,111,108,97,96,78,68,0,1,8,4,4,7,0,0,0,0,0
534,999,7056262867961531885,2455091561565569278,legacy,value,1,0,1,0,1,888,979,1005,888,887,691,650,12,6,55,45,34,55,0,0,0,2,0
534,999,7056262867961531885,2455091561565569278,value,legacy,-1,1,0,0,2,236,254,255,235,236,159,173,2,3,13,20,15,9,0,0,0,0,0
535,999,17149467822322889154,8500381320195259082,legacy,value,-1,1,0,0,2,170,171,193,169,170,118,128,1,2,13,11,9,4,0,0,0,0,0
535,999,17149467822322889154,8500381320195259082,value,legacy,1,0,1,0,1,190,197,176,190,189,127,121,3,3,10,12,12,12,0,0,0,0,0
536,999,4396615667165602265,4954836046070249016,legacy,value,1,0,1,0,1,76,77,70,76,75,51,47,1,1,6,2,3,5,0,0,0,0,0
536,999,4396615667165602265,4954836046070249016,value,legacy,1,0,1,0,1,82,96,83,82,81,66,58,0,1,6,6,5,4,0,0,0,0,0
537,999,8833704860879640927,9224811843626444391,legacy,value,1,0,1,0,1,223,239,231,223,222,167,161,3,4,7,7,17,14,0,0,0,0,0
537,999,8833704860879640927,9224811843626444391,value,legacy,-1,1,0,0,2,130,122,130,129,130,80,86,1,0,7,9,8,8,0,0,0,0,0
538,999,11070904707791772694,6437167651393599761,legacy,value,-1,1,0,0,2,432,453,477,431,432,332,329,3,4,28,27,18,17,0,0,0,0,0
538,999,11070904707791772694,6437167651393599761,value,legacy,1,0,1,0,1,246,278,247,246,245,178,189,2,6,18,16,12,8,0,0,0,0,0
539,999,12289615683448225626,16497358452274272725,legacy,value,1,0,1,0,1,29,32,20,29,28,17,10,0,0,2,2,1,2,0,0,0,0,0
539,999,12289615683448225626,16497358452274272725,value,legacy,-1,1,0,0,2,275,283,282,274,275,191,206,3,3,18,16,12,11,0,0,0,0,0
540,999,8096092762899603457,10368874890734221924,legacy,value,-1,1,0,0,2,333,326,348,332,333,225,227,2,1,26,22,17,19,0,0,0,1,0
540,999,8096092762899603457,10368874890734221924,value,legacy,-1,1,0,0,2,343,363,364,342,343,243,257,4,5,23,18,14,15,0,1,0,0,0
541,999,2955979361423514876,17183996822344680355,legacy,value,1,0,1,0,1,603,605,627,603,602,460,426,9,6,36,33,27,35,0,0,1,0,0
541,999,2955979361423514876,17183996822344680355,value,legacy,-1,1,0,0,2,224,234,240,223,224,150,166,1,4,11,13,16,8,0,0,1,0,0
542,999,3776232149075098694,10466318105175615539,legacy,value,1,0,1,0,1,154,163,148,154,153,106,100,2,3,4,7,11,9,0,0,0,0,0
542,999,3776232149075098694,10466318105175615539,value,legacy,1,0,1,0,1,219,249,239,219,218,154,153,2,2,10,14,11,10,0,0,0,0,0
543,999,15155477527469775346,17553711717255209662,legacy,value,-1,1,0,0,2,592,632,675,591,592,452,432,8,6,44,36,17,32,0,0,2,0,0
543,999,15155477527469775346,17553711717255209662,value,legacy,-1,1,0,0,2,44,33,42,43,44,23,29,1,0,2,3,2,3,0,0,0,0,0
544,999,4530231473151958658,9535938325964724735,legacy,value,-1,1,0,0,2,85,76,94,84,85,53,52,1,3,6,5,4,4,0,0,0,0,0
544,999,4530231473151958658,9535938325964724735,value,legacy,-1,1,0,0,2,89,71,81,88,89,48,57,1,0,7,9,2,3,0,0,0,0,0
545,999,7942199408126749490,15953965172626669660,legacy,value,1,0,1,0,1,37,43,24,37,36,19,14,0,0,5,3,0,2,0,0,1,0,0
545,999,7942199408126749490,15953965172626669660,value,legacy,-1,1,0,0,2,150,158,164,149,150,99,110,2,1,8,8,8,10,0,0,0,0,0
546,999,14491430374499023082,6356485067229225613,legacy,value,1,0,1,0,1,114,144,118,114,113,81,87,1,2,7,5,7,4,0,0,0,0,0
546,999,14491430374499023082,6356485067229225613,value,legacy,-1,1,0,0,2,84,69,78,83,84,43,47,1,2,6,2,3,6,0,0,0,0,0
547,999,1646035597918920727,12620031709657188508,legacy,value,1,0,1,0,1,249,286,273,249,248,197,180,3,3,17,9,11,16,0,0,0,0,0
547,999,1646035597918920727,12620031709657188508,value,legacy,1,0,1,0,1,677,773,730,677,676,488,510,4,7,32,41,47,38,0,1,0,0,0
548,999,12819007082352069594,13331404114844836819,legacy,value,1,0,1,0,1,41,44,31,41,40,25,18,0,0,2,4,1,0,0,0,0,0,0
548,999,12819007082352069594,13331404114844836819,value,legacy,-1,1,0,0,2,142,142,136,141,142,84,102,2,3,9,11,8,5,0,0,0,0,0
549,999,17196072614988445440,8214793921982596960,legacy,value,1,0,1,0,1,129,132,124,129,128,93,85,1,1,9,10,4,5,0,0,0,0,0
549,999,17196072614988445440,8214793921982596960,value,legacy,1,0,1,0,1,102,125,113,102,101,78,67,2,1,9,6,2,4,0,0,0,0,0
550,999,4838047241831998107,498716666068510386,legacy,value,-1,1,0,0,2,277,270,304,276,277,206,196,2,2,20,14,12,19,0,0,0,0,0
550,999,4838047241831998107,498716666068510386,value,legacy,-1,1,0,0,2,124,129,137,123,124,89,94,1,4,4,7,10,4,0,0,0,0,0
551,999,5193936719048173023,7917584165515422798,legacy,value,1,0,1,0,1,219,232,228,219,218,167,154,3,2,10,13,13,14,0,0,0,0,0
551,999,5193936719048173023,7917584165515422798,value,legacy,1,0,1,0,1,299,326,299,299,298,211,212,2,3,24,17,14,14,0,0,0,0,0
552,999,7463638331283970968,8390593718987455182,legacy,value,1,0,1,0,1,305,314,323,305,304,229,206,3,4,15,15,17,21,0,0,0,0,0
552,999,7463638331283970968,8390593718987455182,value,legacy,-1,1,0,0,2,510,568,538,509,510,346,392,3,3,32,35,29,21,0,0,0,0,0
553,999,6964135956331419829,3850113939050388807,legacy,value,1,0,1,0,1,141,163,152,141,140,109,104,2,1,10,7,5,8,0,0,0,0,0
553,999,6964135956331419829,3850113939050388807,value,legacy,-1,1,0,0,2,916,950,948,915,916,670,691,12,14,57,57,43,43,0,0,0,0,0
554,999,6410509331586324898,10983047068511740266,legacy,value,1,0,1,0,1,279,285,288,279,278,209,189,2,5,22,18,10,13,0,0,0,0,0
554,999,6410509331586324898,10983047068511740266,value,legacy,-1,1,0,0,2,777,865,851,776,777,575,605,4,5,47,50,41,31,0,1,0,0,0
555,999,12729724085853892603,1967694816565236610,legacy,value,-1,1,0,0,2,73,74,97,72,73,55,52,2,2,5,5,2,3,0,0,0,0,0
555,999,12729724085853892603,1967694816565236610,value,legacy,-1,1,0,0,2,219,211,225,218,219,135,143,1,3,11,13,15,12,0,0,0,0,0
556,999,5322363710242313430,11247333700348725338,legacy,value,1,0,1,0,1,201,195,192,201,200,141,134,1,0,12,10,11,15,0,0,0,0,0
556,999,5322363710242313430,11247333700348725338,value,legacy,-1,1,0,0,2,140,146,157,139,140,100,109,3,1,8,8,7,7,0,0,0,0,0
557,999,2839917499087832826,10885188940211938680,legacy,value,1,0,1,0,1,223,222,215,223,222,155,149,0,1,17,14,8,12,0,0,0,0,0
557,999,2839917499087832826,10885188940211938680,value,legacy,-1,1,0,0,2,166,158,167,165,166,104,117,2,4,10,10,9,8,0,0,1,0,0
558,999,16944750078125205429,7565165333811522970,legacy,value,1,0,1,0,1,139,157,141,139,138,96,80,2,2,7,9,7,7,0,0,0,0,0
558,999,16944750078125205429,7565165333811522970,value,legacy,-1,1,0,0,2,169,184,199,168,169,115,126,3,2,8,6,10,12,0,0,0,0,0
559,999,8244680209264407750,13820631372634334844,legacy,value,1,0,1,0,1,503,550,555,503,502,384,358,7,1,30,28,27,29,0,0,0,0,0
559,999,8244680209264407750,13820631372634334844,value,legacy,-1,1,0,0,2,195,213,200,194,195,131,158,3,3,12,11,12,9,0,0,0,1,0
560,999,9490618148864370844,6687863312654207646,legacy,value,1,0,1,0,1,71,79,62,71,70,48,43,0,0,4,5,4,3,0,0,0,0,0
560,999,9490618148864370844,6687863312654207646,value,legacy,1,0,1,0,1,71,74,66,71,70,50,43,1,2,5,3,3,4,0,0,0,0,0
561,999,7216604453208882325,11215201881096942463,legacy,value,1,0,1,0,1,152,164,164,152,151,124,102,1,1,4,11,11,8,0,0,0,0,0
561,999,7216604453208882325,11215201881096942463,value,legacy,-1,1,0,0,2,88,73,87,87,88,50,55,2,1,5,7,6,2,0,0,0,0,0
562,999,13750810562683590094,7203615765015783548,legacy,value,1,0,1,0,1,32,33,18,32,31,14,10,0,0,3,1,1,3,0,0,0,0,0
562,999,13750810562683590094,7203615765015783548,value,legacy,1,0,1,0,1,229,235,222,229,228,160,153,2,3,12,12,15,12,0,0,0,0,0
563,999,9830943882986639804,4398050118747413042,legacy,value,1,0,1,0,1,150,176,164,150,149,115,110,1,2,11,8,7,8,0,0,0,0,0
563,999,9830943882986639804,4398050118747413042,value,legacy,1,0,1,0,1,90,97,71,90,89,51,54,1,0,5,5,7,4,0,0,0,0,0
564,999,1897673679677934628,16996502544421939759,legacy,value,-1,1,0,0,2,135,118,148,134,135,90,83,0,0,10,9,5,6,0,0,0,0,0
564,999,1897673679677934628,16996502544421939759,value,legacy,-1,1,0,0,2,117,108,124,116,117,79,80,1,0,8,6,7,9,0,0,0,0,0
565,999,17559452663301572914,2751608494652502279,legacy,value,1,0,1,0,1,258,298,281,258,257,194,190,1,2,22,20,7,12,0,0,1,0,0
565,999,17559452663301572914,2751608494652502279,value,legacy,-1,1,0,0,2,414,453,468,413,414,295,305,6,5,25,28,19,15,0,0,1,0,0
566,999,1149974833843021954,2928373677792770044,legacy,value,-1,1,0,0,2,430,448,481,429,430,323,312,4,7,26,23,26,22,0,0,0,0,0
566,999,1149974833843021954,2928373677792770044,value,legacy,1,0,1,0,1,42,54,32,42,41,23,21,0,0,4,4,1,2,0,0,0,0,0
567,999,18192556865072652973,9002091343247160047,legacy,value,1,0,1,0,1,439,509,491,439,438,337,336,2,5,29,29,22,19,0,0,0,0,0
567,999,18192556865072652973,9002091343247160047,value,legacy,1,0,1,0,1,640,686,661,640,639,465,477,4,7,39,42,35,31,0,0,0,0,0
568,999,12686920053270833321,1265254191556935639,legacy,value,1,0,1,0,1,163,180,155,163,162,118,118,1,2,13,13,7,5,0,0,0,0,0
568,999,12686920053270833321,1265254191556935639,value,legacy,-1,1,0,0,2,97,96,112,96,97,64,69,2,1,7,5,3,5,0,0,0,0,0
569,999,14703831593334588643,13464956855434273075,legacy,value,1,0,1,0,1,72,79,73,72,71,55,48,1,0,6,8,2,2,0,0,0,1,0
569,999,14703831593334588643,13464956855434273075,value,legacy,1,0,1,0,1,480,540,504,480,479,349,358,4,12,29,37,24,12,0,0,0,1,0
570,999,6862340464465144771,2939026213931996214,legacy,value,1,0,1,0,1,168,170,159,168,167,118,109,2,3,15,6,6,11,0,0,0,0,0
570,999,6862340464465144771,2939026213931996214,value,legacy,-1,1,0,0,2,151,142,157,150,151,98,101,1,1,10,10,8,7,0,0,0,0,0
571,999,14344993085136284945,16265652373659192507,legacy,value,-1,1,0,0,2,88,90,100,87,88,51,61,0,0,4,5,7,6,0,0,0,0,0
571,999,14344993085136284945,16265652373659192507,value,legacy,-1,1,0,0,2,653,686,697,652,653,457,464,4,5,39,32,34,38,0,0,1,0,0
572,999,3630779112390795057,2185575142240154798,legacy,value,-1,1,0,0,2,536,514,559,535,536,358,343,9,6,30,29,31,34,0,0,0,0,0
572,999,3630779112390795057,2185575142240154798,value,legacy,-1,1,0,0,2,301,324,337,300,301,217,223,6,2,15,17,15,15,0,0,0,0,0
573,999,17766352703894106411,16672083100688830825,legacy,value,1,0,1,0,1,829,888,883,829,828,622,603,9,8,41,52,47,44,0,0,0,1,0
573,999,17766352703894106411,16672083100688830825,value,legacy,-1,1,0,0,2,1156,1229,1179,1155,1156,811,872,11,11,76,57,57,63,0,0,0,0,0
574,999,14067757439571484025,13494238778840302754,legacy,value,1,0,1,0,1,91,98,87,91,90,63,50,1,1,4,3,7,9,0,0,0,0,0
574,999,14067757439571484025,13494238778840302754,value,legacy,-1,1,0,0,2,247,265,281,246,247,187,194,4,1,14,13,13,18,0,0,0,0,0
575,999,16528100707310892869,18139941889274350332,legacy,value,-1,1,0,0,2,288,303,313,287,288,203,210,1,3,21,18,15,17,0,0,1,0,0
575,999,16528100707310892869,18139941889274350332,value,legacy,1,0,1,0,1,764,872,832,764,763,570,585,8,13,48,43,42,40,0,0,0,0,0
576,999,15571361234684289800,17300226196777002396,legacy,value,-1,1,0,0,2,194,196,216,193,194,141,144,3,3,12,11,5,8,0,0,0,0,0
576,999,15571361234684289800,17300226196777002396,value,legacy,-1,1,0,0,2,95,90,106,94,95,61,67,0,0,5,7,6,4,0,0,0,0,0
577,999,7625650485337140485,13615887675346555964,legacy,value,-1,1,0,0,2,60,46,66,59,60,35,35,0,1,1,4,3,3,0,0,0,0,0
577,999,7625650485337140485,13615887675346555964,value,legacy,1,0,1,0,1,147,163,141,147,146,102,102,1,3,7,10,9,6,0,0,0,0,0
578,999,10570295677193905332,11086810189876797942,legacy,value,-1,1,0,0,2,533,547,574,532,533,378,378,2,6,35,30,27,33,0,0,0,1,0
578,999,10570295677193905332,11086810189876797942,value,legacy,-1,1,0,0,2,157,153,157,156,157,91,111,2,2,6,9,13,10,0,0,0,0,0
579,999,3809430607975639247,10486918688302086304,legacy,value,-1,1,0,0,2,235,207,236,234,235,157,151,2,2,14,9,12,17,1,0,0,0,0
579,999,3809430607975639247,10486918688302086304,value,legacy,1,0,1,0,1,327,367,326,327,326,213,234,2,4,19,17,23,15,0,0,0,0,0
580,999,9383003394875852085,16055245866033090829,legacy,value,1,0,1,0,1,204,216,202,204,203,140,137,0,1,6,15,17,12,0,0,0,0,0
580,999,9383003394875852085,16055245866033090829,value,legacy,1,0,1,0,1,189,206,183,189,188,119,122,0,2,12,9,9,13,0,0,0,0,0
581,999,836178503227470258,2072122977351255381,legacy,value,1,0,1,0,1,29,39,22,29,28,19,11,0,0,3,1,1,3,0,0,0,0,0
581,999,836178503227470258,2072122977351255381,value,legacy,-1,1,0,0,2,49,44,59,48,49,26,34,0,0,2,3,5,3,0,0,0,0,0
582,999,10596602964439537215,8992851690434027607,legacy,value,1,0,1,0,1,174,183,167,174,173,127,128,2,1,11,9,9,9,0,0,0,0,0
582,999,10596602964439537215,8992851690434027607,value,legacy,-1,1,0,0,2,400,428,431,399,400,291,306,4,2,28,22,11,19,0,0,1,0,0
583,999,1243548468193353454,7357919160465597472,legacy,value,-1,1,0,0,2,39,34,42,38,39,18,19,0,0,2,1,3,2,0,0,0,0,0
583,999,1243548468193353454,7357919160465597472,value,legacy,-1,1,0,0,2,64,58,62,63,64,31,40,0,1,4,5,3,3,0,0,1,0,0
584,999,13570649579787497469,10288951862349466605,legacy,value,1,0,1,0,1,138,147,136,138,137,106,92,2,1,5,10,8,5,0,0,0,0,0
584,999,13570649579787497469,10288951862349466605,value,legacy,-1,1,0,0,2,181,192,199,180,181,132,139,1,3,13,8,7,10,0,0,1,0,0
585,999,5874292853309625024,11010277747503051911,legacy,value,1,0,1,0,1,79,90,69,79,78,52,52,1,0,1,3,7,5,0,0,0,0,0
585,999,5874292853309625024,11010277747503051911,value,legacy,1,0,1,0,1,132,139,122,132,131,88,83,0,1,12,10,6,5,0,0,0,1,0
586,999,11605850946565509329,9914661373345600630,legacy,value,-1,1,0,0,2,111,107,137,110,111,77,69,1,2,7,8,4,5,0,0,0,0,0
586,999,11605850946565509329,9914661373345600630,value,legacy,1,0,1,0,1,155,159,148,155,154,105,101,1,0,9,10,11,7,0,0,0,0,0
587,999,15443190256331059823,7632052008132865577,legacy,value,1,0,1,0,1,67,82,63,67,66,50,39,1,1,2,2,5,5,0,0,0,0,0
587,999,15443190256331059823,7632052008132865577,value,legacy,1,0,1,0,1,563,631,579,563,562,395,421,5,10,30,27,39,33,0,0,0,0,0
588,999,9378969130480044436,7281939316219222185,legacy,value,-1,1,0,0,2,41,31,54,40,41,23,25,0,0,3,2,2,2,0,0,0,1,0
588,999,9378969130480044436,7281939316219222185,value,legacy,-1,1,0,0,2,89,82,93,88,89,57,68,1,2,5,4,5,4,0,0,0,0,0
589,999,9521303058466095653,8944347008130849029,legacy,value,-1,1,0,0,2,180,179,203,179,180,122,122,2,0,10,9,10,10,0,0,0,0,0
589,999,9521303058466095653,8944347008130849029,value,legacy,-1,1,0,0,2,42,34,58,41,42,20,26,1,0,3,2,1,3,0,0,0,0,0
590,999,4188002522862148433,4889000034013744761,legacy,value,1,0,1,0,1,298,293,302,298,297,228,201,1,2,20,17,12,20,0,0,0,0,0
590,999,4188002522862148433,4889000034013744761,value,legacy,1,0,1,0,1,272,281,256,272,271,196,194,4,3,15,15,15,13,0,0,0,0,0
591,999,17405961723371583689,3863838624942200230,legacy,value,1,0,1,0,1,186,193,176,186,185,121,115,2,3,11,11,8,7,0,0,0,0,0
591,999,17405961723371583689,3863838624942200230,value,legacy,-1,1,0,0,2,235,238,239,234,235,159,171,1,4,16,10,14,16,0,0,0,0,0
592,999,13109923259058121789,9088188305018083911,legacy,value,1,0,1,0,1,63,71,50,63,62,33,34,0,0,5,4,2,4,0,0,0,0,0
592,999,13109923259058121789,9088188305018083911,value,legacy,1,0,1,0,1,108,112,93,108,107,69,71,2,0,8,5,5,7,0,0,0,0,0
593,999,17870244348099081524,11397145944519749669,legacy,value,-1,1,0,0,2,251,226,262,250,251,181,164,1,1,12,15,8,12,0,0,0,0,0
593,999,17870244348099081524,11397145944519749669,value,legacy,-1,1,0,0,2,468,484,474,467,468,324,353,0,8,35,28,23,22,0,0,0,0,0
594,999,9303942034731039459,15837749824861116905,legacy,value,1,0,1,0,1,110,118,108,110,109,79,72,0,0,8,8,5,7,0,0,0,0,0
594,999,9303942034731039459,15837749824861116905,value,legacy,1,0,1,0,1,432,500,459,432,431,323,341,4,6,31,24,19,19,0,0,0,0,0
595,999,2589683093052169734,16695124702983578237,legacy,value,-1,1,0,0,2,98,99,115,97,98,66,72,0,1,9,2,2,7,0,0,0,0,0
595,999,2589683093052169734,16695124702983578237,value,legacy,1,0,1,0,1,107,102,90,107,106,66,61,1,0,7,8,6,7,0,0,0,0,0
596,999,3105469027634427139,15213287790303622087,legacy,value,-1,1,0,0,2,281,292,308,280,281,193,198,2,2,14,19,18,11,0,0,0,1,0
596,999,3105469027634427139,15213287790303622087,value,legacy,1,0,1,0,1,105,112,107,105,104,78,63,0,0,5,7,8,6,0,0,0,1,0
597,999,3781634109273723608,3654622142084495567,legacy,value,-1,1,0,0,2,30,20,38,29,30,14,20,0,0,1,2,2,2,0,0,0,1,0
597,999,3781634109273723608,3654622142084495567,value,legacy,-1,1,0,0,2,104,102,113,103,104,65,68,0,2,7,8,7,4,0,0,0,1,0
598,999,2495460460752835275,16792970116058931648,legacy,value,1,0,1,0,1,344,384,363,344,343,255,259,5,3,19,21,15,13,0,0,0,1,0
598,999,2495460460752835275,16792970116058931648,value,legacy,-1,1,0,0,2,191,195,198,190,191,125,138,1,2,14,10,8,9,0,0,0,0,0
599,999,4646832254317614714,15256115488029049253,legacy,value,1,0,1,0,1,69,61,51,69,68,34,27,1,0,4,2,5,6,0,0,1,0,0
599,999,4646832254317614714,15256115488029049253,value,legacy,-1,1,0,0,2,366,368,364,365,366,232,260,3,2,24,21,21,20,0,0,0,0,0
600,999,5168526149099680731,1299381766538174076,legacy,value,-1,1,0,0,2,48,34,57,47,48,26,27,0,1,5,2,1,3,0,0,0,0,0
600,999,5168526149099680731,1299381766538174076,value,legacy,1,0,1,0,1,231,259,241,231,230,165,161,4,1,10,11,16,16,0,0,0,0,0
601,999,8129640260732101441,6462897285388115650,legacy,value,-1,1,0,0,2,197,185,222,196,197,149,140,3,1,9,15,7,8,0,0,0,0,0
601,999,8129640260732101441,6462897285388115650,value,legacy,1,0,1,0,1,236,255,233,236,235,171,175,1,3,15,16,15,12,0,0,0,0,0
602,999,4031415642558417465,239730622640887119,legacy,value,1,0,1,0,1,306,374,359,306,305,235,224,4,3,19,18,13,10,0,0,0,1,0
602,999,4031415642558417465,239730622640887119,value,legacy,-1,1,0,0,2,119,105,103,118,119,63,83,1,3,7,6,8,4,0,0,0,0,0
603,999,8786660052559610419,15000298286475448922,legacy,value,1,0,1,0,1,396,409,428,396,395,312,274,7,3,24,29,17,19,0,0,0,1,0
603,999,8786660052559610419,15000298286475448922,value,legacy,-1,1,0,0,2,130,127,128,129,130,77,95,0,2,7,5,10,6,0,0,0,0,0
604,999,7773584458275980373,2432610683262050576,legacy,value,-1,1,0,0,2,147,147,168,146,147,104,106,1,0,11,9,4,8,0,0,0,0,0
604,999,7773584458275980373,2432610683262050576,value,legacy,1,0,1,0,1,92,104,82,92,91,61,64,1,0,7,7,4,5,0,0,0,0,0
605,999,3782410904365842194,6113945492603688900,legacy,value,-1,1,0,0,2,98,90,107,97,98,69,76,1,1,7,7,4,4,0,0,0,0,0
605,999,3782410904365842194,6113945492603688900,value,legacy,-1,1,0,0,2,448,524,499,447,448,329,358,4,9,28,21,23,16,0,0,0,0,0
606,999,17124321576048259686,5375750604899441199,legacy,value,1,0,1,0,1,333,357,357,333,332,258,241,5,2,19,17,13,15,0,0,0,1,0
606,999,17124321576048259686,5375750604899441199,value,legacy,-1,1,0,0,2,77,74,89,76,77,55,58,2,1,3,3,5,6,0,0,0,0,0
607,999,2034394234573972033,15523870246973838874,legacy,value,1,0,1,0,1,144,165,143,144,143,102,102,3,2,5,1,11,14,0,0,0,0,0
607,999,2034394234573972033,15523870246973838874,value,legacy,1,0,1,0,1,538,583,547,538,537,393,399,5,4,31,33,31,27,0,0,0,0,0
608,999,10861408263345723045,7051073697837480234,legacy,value,-1,1,0,0,2,183,178,209,182,183,136,129,1,3,11,14,5,9,0,0,0,0,0
608,999,10861408263345723045,7051073697837480234,value,legacy,-1,1,0,0,2,28,18,25,27,28,9,16,0,0,3,1,1,3,0,0,0,0,0
609,999,2845054000249167765,15440157120766745238,legacy,value,-1,1,0,0,2,124,135,148,123,124,84,88,0,1,6,8,7,7,0,0,0,1,0
609,999,2845054000249167765,15440157120766745238,value,legacy,1,0,1,0,1,50,52,40,50,49,34,24,0,0,2,3,3,2,0,0,0,0,0
610,999,7961505897806445074,1412888219784101227,legacy,value,1,0,1,0,1,1080,1164,1150,1080,1079,783,778,18,15,50,73,71,52,0,0,0,0,0
610,999,7961505897806445074,1412888219784101227,value,legacy,1,0,1,0,1,594,661,611,594,593,421,450,7,8,37,36,39,22,0,0,0,0,0
611,999,16755376214917853035,9837850327946900879,legacy,value,1,0,1,0,1,55,49,43,55,54,35,24,0,0,3,4,5,3,0,0,0,0,0
611,999,16755376214917853035,9837850327946900879,value,legacy,1,0,1,0,1,66,75,63,66,65,42,34,0,1,4,4,4,4,0,0,0,0,0
612,999,698406650857514442,7303040282779731243,legacy,value,1,0,1,0,1,168,178,176,168,167,117,105,0,0,10,6,9,15,0,0,0,0,0
612,999,698406650857514442,7303040282779731243,value,legacy,-1,1,0,0,2,63,64,77,62,63,34,43,0,0,7,2,1,3,0,0,0,0,0
613,999,12952710363991777990,8455898595887855250,legacy,value,1,0,1,0,1,183,190,179,183,182,131,127,0,3,15,6,10,15,0,0,0,0,0
613,999,12952710363991777990,8455898595887855250,value,legacy,1,0,1,0,1,74,79,72,74,73,50,44,1,0,5,6,1,4,0,0,0,0,0
614,999,17569036410161817577,3463032950029347823,legacy,value,1,0,1,0,1,58,63,48,58,57,36,33,0,1,3,4,4,2,0,0,0,0,0
614,999,17569036410161817577,3463032950029347823,value,legacy,-1,1,0,0,2,272,285,276,271,272,174,199,2,6,21,11,12,14,0,0,0,0,0
615,999,16599471593379440190,17251455611069333796,legacy,value,-1,1,0,0,2,358,392,417,357,358,274,268,5,0,21,20,15,21,0,0,0,0,0
615,999,16599471593379440190,17251455611069333796,value,legacy,-1,1,0,0,2,82,78,76,81,82,46,61,1,0,8,7,3,3,0,0,0,0,0
616,999,5358320472241174217,13718616858561751070,legacy,value,1,0,1,0,1,135,128,126,135,134,96,83,3,1,5,8,8,8,0,0,0,0,0
616,999,5358320472241174217,13718616858561751070,value,legacy,1,0,1,0,1,181,202,172,181,180,120,127,1,0,14,6,10,12,0,0,0,1,0
617,999,9197317173331970128,832533648459356003,legacy,value,1,0,1,0,1,92,91,82,92,91,58,47,1,0,6,6,5,7,0,0,0,0,0
617,999,9197317173331970128,832533648459356003,value,legacy,-1,1,0,0,2,265,292,297,264,265,196,212,0,3,19,14,12,11,0,0,0,0,0
618,999,9453003844291910394,4550894795524541648,legacy,value,1,0,1,0,1,360,383,366,360,359,248,248,3,4,16,17,25,26,0,0,0,0,0
618,999,9453003844291910394,4550894795524541648,value,legacy,-1,1,0,0,2,88,83,96,87,88,56,62,0,1,8,7,3,2,0,0,0,0,0
619,999,5881447844610561166,5743412522763254364,legacy,value,1,0,1,0,1,72,81,62,72,71,42,37,0,1,6,3,5,5,0,0,0,0,0
619,999,5881447844610561166,5743412522763254364,value,legacy,1,0,1,0,1,184,198,181,184,183,123,124,0,1,10,8,12,10,0,0,0,0,0
620,999,9829808671455820931,286619347580548572,legacy,value,-1,1,0,0,2,139,131,154,138,139,95,93,1,1,4,11,8,7,0,0,1,1,0
620,999,9829808671455820931,286619347580548572,value,legacy,-1,1,0,0,2,148,154,158,147,148,99,113,2,3,11,6,7,5,0,0,0,0,0
621,999,5171730845430247115,4650516546324307145,legacy,value,-1,1,0,0,2,181,184,209,180,181,127,126,1,1,8,15,13,8,0,0,0,0,0
621,999,5171730845430247115,4650516546324307145,value,legacy,-1,1,0,0,2,66,68,79,65,66,46,54,0,0,3,7,4,1,0,0,0,0,0
622,999,7411655638369512874,3454198837471332973,legacy,value,-1,1,0,0,2,159,170,186,158,159,114,114,1,4,14,7,3,8,0,0,0,0,0
622,999,7411655638369512874,3454198837471332973,value,legacy,1,0,1,0,1,168,202,179,168,167,117,116,0,2,14,9,9,8,0,0,0,0,0
623,999,302787697760180352,2469824124909945684,legacy,value,1,0,1,0,1,64,67,53,64,63,36,31,0,0,3,4,5,3,0,0,0,0,0
623,999,302787697760180352,2469824124909945684,value,legacy,-1,1,0,0,2,733,779,741,732,733,506,555,6,5,47,43,40,34,0,0,0,0,0
624,999,925286303268801307,15491827934795445192,legacy,value,-1,1,0,0,2,171,157,187,170,171,121,114,0,1,12,13,9,10,0,0,0,0,0
624,999,925286303268801307,15491827934795445192,value,legacy,-1,1,0,0,2,358,366,358,357,358,241,266,2,2,22,19,24,19,0,0,0,0,0
625,999,7621026256855122068,3697673885274785075,legacy,value,-1,1,0,0,2,693,702,742,692,693,511,494,4,10,47,45,30,35,0,0,0,0,0
625,999,7621026256855122068,3697673885274785075,value,legacy,-1,1,0,0,2,113,107,124,112,113,65,76,0,2,10,6,5,7,0,0,0,0,0
626,999,12829234048826613036,7604107158241012148,legacy,value,1,0,1,0,1,140,155,143,140,139,105,95,2,1,8,9,7,8,0,0,0,1,0
626,999,12829234048826613036,7604107158241012148,value,legacy,-1,1,0,0,2,519,560,543,518,519,372,404,6,10,28,26,37,27,0,0,0,0,0
627,999,3688901376597936024,13295732036537770499,legacy,value,-1,1,0,0,2,135,130,139,134,135,83,94,2,0,8,9,5,7,0,0,0,0,0
627,999,3688901376597936024,13295732036537770499,value,legacy,-1,1,0,0,2,122,122,135,121,122,88,93,0,1,7,6,6,4,0,0,0,0,0
628,999,9321390195472736258,951049791859553743,legacy,value,1,0,1,0,1,714,766,781,714,713,538,507,7,10,43,52,36,30,1,0,0,3,0
628,999,9321390195472736258,951049791859553743,value,legacy,-1,1,0,0,2,289,326,325,288,289,199,217,4,4,17,22,15,10,0,0,1,2,0
629,999,8913895602701407547,13583702692312303371,legacy,value,1,0,1,0,1,145,125,141,145,144,108,76,2,0,8,10,5,8,0,0,0,0,0
629,999,8913895602701407547,13583702692312303371,value,legacy,-1,1,0,0,2,53,36,51,52,53,24,31,0,1,5,3,2,4,0,0,0,0,0
630,999,6360779096614233424,15033644279435909783,legacy,value,1,0,1,0,1,310,359,336,310,309,231,234,6,3,17,15,16,20,0,0,0,0,0
630,999,6360779096614233424,15033644279435909783,value,legacy,-1,1,0,0,2,167,159,161,166,167,110,119,2,1,8,12,10,8,0,0,0,0,0
631,999,9559850524249613439,15301965683619075401,legacy,value,1,0,1,0,1,184,183,164,184,183,123,123,2,1,9,10,12,10,0,0,0,0,0
631,999,9559850524249613439,15301965683619075401,value,legacy,-1,1,0,0,2,933,980,979,932,933,661,682,5,10,61,49,51,47,0,0,1,2,0
632,999,1971107285347374321,9656253532082102552,legacy,value,1,0,1,0,1,251,265,244,251,250,175,170,2,1,11,13,16,13,0,0,0,0,0
632,999,1971107285347374321,9656253532082102552,value,legacy,-1,1,0,0,2,430,461,466,429,430,307,324,6,5,25,21,23,21,0,0,1,0,0
633,999,4568068556550897215,5956428877598567621,legacy,value,1,0,1,0,1,83,90,73,83,82,55,51,0,1,5,4,6,5,0,0,0,0,0
633,999,4568068556550897215,5956428877598567621,value,legacy,1,0,1,0,1,117,134,113,117,116,82,84,0,2,5,4,9,6,0,0,0,0,0
634,999,1170818342560564556,5252725665139645950,legacy,value,1,0,1,0,1,25,26,10,25,24,14,5,1,0,2,2,1,1,0,0,0,0,0
634,999,1170818342560564556,5252725665139645950,value,legacy,-1,1,0,0,2,838,902,886,837,838,607,635,7,9,52,55,43,32,0,0,0,0,0
635,999,7668952986106821581,9885214985390830678,legacy,value,-1,1,0,0,2,215,204,229,214,215,150,149,1,1,16,12,10,14,0,0,0,0,0
635,999,7668952986106821581,9885214985390830678,value,legacy,1,0,1,0,1,40,41,31,40,39,25,20,0,0,1,2,3,3,0,0,0,0,0
636,999,11821284174903536484,2272599754253567567,legacy,value,1,0,1,0,1,40,46,28,40,39,22,20,0,1,3,2,2,2,0,0,0,0,0
636,999,11821284174903536484,2272599754253567567,value,legacy,-1,1,0,0,2,273,289,299,272,273,197,213,4,6,13,18,19,8,0,0,0,0,0
637,999,7511559004881884634,6669613384112597043,legacy,value,-1,1,0,0,2,218,224,245,217,218,150,153,2,1,15,14,8,13,0,0,1,0,0
637,999,7511559004881884634,6669613384112597043,value,legacy,1,0,1,0,1,370,396,363,370,369,255,265,6,5,21,17,22,21,0,0,0,0,0
638,999,7134959210684999037,10179395888474971535,legacy,value,1,0,1,0,1,334,352,361,334,333,243,223,6,2,16,20,16,22,0,0,0,0,0
638,999,7134959210684999037,10179395888474971535,value,legacy,-1,1,0,0,2,94,87,104,93,94,62,70,2,2,7,6,4,3,0,0,0,0,0
639,999,6820390538658241983,10627775771484134423,legacy,value,1,0,1,0,1,154,163,157,154,153,112,99,0,1,6,7,11,13,0,0,0,0,0
639,999,6820390538658241983,10627775771484134423,value,legacy,-1,1,0,0,2,31,17,29,30,31,7,18,0,1,1,2,3,2,0,0,0,0,0
640,999,4248140036363110347,12309780890087933618,legacy,value,1,0,1,0,1,111,111,98,111,110,68,67,3,2,6,6,5,7,0,0,0,0,0
640,999,4248140036363110347,12309780890087933618,value,legacy,1,0,1,0,1,609,612,582,609,608,414,426,5,8,37,33,33,32,0,0,0,0,0
641,999,16549193817557731084,6297306239817121945,legacy,value,1,0,1,0,1,228,249,229,228,227,164,165,1,2,17,16,13,10,0,0,0,0,0
641,999,16549193817557731084,6297306239817121945,value,legacy,1,0,1,0,1,115,141,124,115,114,93,80,0,0,6,9,8,5,0,0,0,0,0
642,999,13006149808027076970,14860244352593773319,legacy,value,1,0,1,0,1,61,63,54,61,60,37,32,1,0,4,2,3,5,0,0,0,0,0
642,999,13006149808027076970,14860244352593773319,value,legacy,1,0,1,0,1,196,220,182,196,195,134,150,2,2,12,11,13,6,0,0,0,0,0
643,999,18015714266871857900,4057396985411810916,legacy,value,1,0,1,0,1,169,158,153,169,168,110,102,2,4,8,9,10,8,0,0,1,0,0
643,999,18015714266871857900,4057396985411810916,value,legacy,-1,1,0,0,2,157,163,159,156,157,94,119,2,2,11,6,7,8,0,0,0,0,0
644,999,9079968743218319862,2227515125482093189,legacy,value,1,0,1,0,1,88,101,86,88,87,63,55,0,1,4,4,5,6,0,0,0,0,0
644,999,9079968743218319862,2227515125482093189,value,legacy,-1,1,0,0,2,45,31,50,44,45,22,23,0,0,3,3,2,4,0,0,0,0,0
645,999,14754591960145331048,2853761775580255670,legacy,value,1,0,1,0,1,322,331,325,322,321,234,221,2,6,19,17,19,17,0,0,0,0,0
645,999,14754591960145331048,2853761775580255670,value,legacy,1,0,1,0,1,414,446,427,414,413,298,295,1,4,25,19,22,23,0,0,2,1,0
646,999,7973979178175092556,927280231409839875,legacy,value,-1,1,0,0,2,270,273,301,269,270,205,198,2,2,15,12,17,20,0,0,0,0,0
646,999,7973979178175092556,927280231409839875,value,legacy,-1,1,0,0,2,131,121,129,130,131,87,100,0,1,14,6,1,11,0,0,0,0,0
647,999,11638385583768137052,5227175759939513960,legacy,value,-1,1,0,0,2,282,274,302,281,282,196,188,3,3,12,12,19,16,0,0,0,1,0
647,999,11638385583768137052,5227175759939513960,value,legacy,-1,1,0,0,2,38,30,51,37,38,20,22,1,0,2,2,2,2,0,0,0,1,0
648,999,10317645486159786147,3166861193496879700,legacy,value,1,0,1,0,1,162,180,172,162,161,133,114,5,2,9,8,6,8,0,0,0,0,0
648,999,10317645486159786147,3166861193496879700,value,legacy,1,0,1,0,1,517,573,547,517,516,378,384,8,4,30,36,26,21,0,0,0,0,0
649,999,10533484117157920616,1263659120798744331,legacy,value,-1,1,0,0,2,70,59,70,69,70,40,44,0,4,5,4,4,1,0,0,0,0,0
649,999,10533484117157920616,1263659120798744331,value,legacy,1,0,1,0,1,349,386,363,349,348,247,248,5,6,17,16,21,19,0,0,0,0,0
650,999,8352926496382677376,17140090821603186940,legacy,value,1,0,1,0,1,195,220,197,195,194,141,142,1,1,16,12,8,10,0,0,1,0,0
650,999,8352926496382677376,17140090821603186940,value,legacy,-1,1,0,0,2,135,131,138,134,135,83,91,2,3,7,7,10,6,0,1,0,0,0
651,999,2104276630821237588,5510622093644084116,legacy,value,1,0,1,0,1,440,448,428,440,439,308,302,7,7,31,32,20,15,0,0,0,0,0
651,999,2104276630821237588,5510622093644084116,value,legacy,1,0,1,0,1,108,118,89,108,107,64,69,0,2,8,4,5,5,0,0,2,0,0
652,999,16743124225709128427,17651247089362594795,legacy,value,1,0,1,0,1,165,165,148,165,164,109,103,2,3,8,10,10,9,0,0,0,0,0
652,999,16743124225709128427,17651247089362594795,value,legacy,1,0,1,0,1,62,52,42,62,61,37,31,0,1,4,2,4,4,0,0,0,0,0
653,999,6140403381338529107,8856543175606924913,legacy,value,1,0,1,0,1,187,202,188,187,186,131,127,2,1,10,7,10,15,0,0,0,0,0
653,999,6140403381338529107,8856543175606924913,value,legacy,1,0,1,0,1,326,381,346,326,325,243,254,2,3,18,15,18,14,0,0,1,0,0
654,999,7295261720494112277,9551669093714427469,legacy,value,1,0,1,0,1,338,357,356,338,337,255,241,6,5,23,20,12,14,0,0,0,0,0
654,999,7295261720494112277,9551669093714427469,value,legacy,-1,1,0,0,2,322,315,329,321,322,214,224,2,5,18,13,19,25,0,0,0,0,0
655,999,6911327933764696602,4340760258472228039,legacy,value,-1,1,0,0,2,77,72,92,76,77,52,54,0,0,4,8,5,3,0,0,0,0,0
655,999,6911327933764696602,4340760258472228039,value,legacy,-1,1,0,0,2,530,545,521,529,530,359,395,11,6,28,31,28,20,0,0,0,0,0
656,999,15081940791848777935,9694316556008380797,legacy,value,1,0,1,0,1,393,412,393,393,392,269,263,2,2,32,24,17,27,0,0,0,0,0
656,999,15081940791848777935,9694316556008380797,value,legacy,1,0,1,0,1,394,437,406,394,393,281,293,3,4,21,23,25,21,0,0,0,0,0
657,999,4588236275499907572,2890284993780902158,legacy,value,1,0,1,0,1,478,480,485,478,477,346,329,6,8,36,25,20,29,0,0,0,0,0
657,999,4588236275499907572,2890284993780902158,value,legacy,-1,1,0,0,2,587,659,622,586,587,415,463,2,6,36,32,34,32,0,0,1,0,0
658,999,17919925656050731514,13139850797738284741,legacy,value,-1,1,0,0,2,461,496,527,460,461,342,337,2,5,33,20,25,30,0,0,0,1,0
658,999,17919925656050731514,13139850797738284741,value,legacy,1,0,1,0,1,202,209,202,202,201,143,128,3,3,16,15,6,10,0,0,1,0,0
659,999,9739129108489886271,15506443480998731287,legacy,value,1,0,1,0,1,77,86,82,77,76,56,46,1,1,6,6,2,2,0,0,0,0,0
659,999,9739129108489886271,15506443480998731287,value,legacy,1,0,1,0,1,267,294,280,267,266,203,194,4,3,18,19,10,9,0,0,0,0,0
660,999,13689042819434049891,4619593126396466202,legacy,value,1,0,1,0,1,383,393,379,383,382,270,266,3,3,26,27,17,19,0,0,1,0,0
660,999,13689042819434049891,4619593126396466202,value,legacy,1,0,1,0,1,276,280,272,276,275,200,189,3,5,15,16,17,15,0,0,1,0,0
661,999,10598199314956429069,8226609348343142143,legacy,value,-1,1,0,0,2,135,140,161,134,135,93,95,5,1,4,10,10,7,0,0,0,0,0
661,999,10598199314956429069,8226609348343142143,value,legacy,-1,1,0,0,2,39,25,39,38,39,17,21,1,0,1,3,2,3,0,0,0,0,0
662,999,7538831721208540598,16677587083649984419,legacy,value,-1,1,0,0,2,229,246,246,228,229,150,168,2,2,14,13,14,14,0,0,1,0,0
662,999,7538831721208540598,16677587083649984419,value,legacy,1,0,1,0,1,398,453,413,398,397,284,301,1,5,27,22,22,17,0,0,0,0,0
663,999,9591334025256595050,12899062173892942765,legacy,value,-1,1,0,0,2,230,217,227,229,230,144,154,1,2,17,11,12,16,0,0,0,0,0
663,999,9591334025256595050,12899062173892942765,value,legacy,-1,1,0,0,2,39,29,45,38,39,18,21,1,0,2,2,2,2,0,0,0,0,0
664,999,15445663647963910018,238452910146842153,legacy,value,1,0,1,0,1,461,478,474,461,460,336,317,8,3,24,29,19,23,0,0,0,0,0
664,999,15445663647963910018,238452910146842153,value,legacy,1,0,1,0,1,112,129,114,112,111,77,71,0,2,6,7,7,5,0,0,0,0,0
665,999,14463974186669233856,1384951515625558495,legacy,value,1,0,1,0,1,462,503,508,462,461,355,340,6,3,21,23,30,28,0,0,0,0,0
665,999,14463974186669233856,1384951515625558495,value,legacy,-1,1,0,0,2,221,228,232,220,221,149,166,4,3,14,15,10,11,0,0,0,0,0
666,999,5184718909683003453,10149027847634751623,legacy,value,1,0,1,0,1,245,250,247,245,244,183,174,3,2,21,13,10,13,0,0,0,0,0
666,999,5184718909683003453,10149027847634751623,value,legacy,1,0,1,0,1,107,128,118,107,106,81,73,1,2,4,6,8,6,0,0,0,0,0
667,999,8856410572167716576,10274419171958499316,legacy,value,-1,1,0,0,2,112,100,123,111,112,74,69,2,1,8,6,5,8,0,0,0,0,0
667,999,8856410572167716576,10274419171958499316,value,legacy,1,0,1,0,1,615,661,624,615,614,433,449,6,8,38,29,37,35,0,0,0,0,0
668,999,2991522829677847669,5189150231853558901,legacy,value,1,0,1,0,1,165,171,157,165,164,116,110,1,2,7,9,10,11,0,0,0,0,0
668,999,2991522829677847669,5189150231853558901,value,legacy,-1,1,0,0,2,146,169,161,145,146,92,112,0,3,13,6,4,8,0,0,1,0,0
669,999,16456187769229263399,192524076689420440,legacy,value,1,0,1,0,1,59,55,45,59,58,39,26,0,3,5,2,1,3,0,0,0,0,0
669,999,16456187769229263399,192524076689420440,value,legacy,1,0,1,0,1,173,209,182,173,172,123,126,0,1,14,10,9,6,0,0,0,0,0
670,999,1266617900657284068,15875638300916268724,legacy,value,1,0,1,0,1,76,70,58,76,75,45,38,0,0,6,3,5,5,0,0,0,0,0
670,999,1266617900657284068,15875638300916268724,value,legacy,-1,1,0,0,2,52,42,60,51,52,31,30,0,0,4,2,2,5,0,0,0,0,0
671,999,10540085700791101752,12576595138641538688,legacy,value,1,0,1,0,1,113,129,120,113,112,83,67,0,0,7,7,6,7,0,0,0,0,0
671,999,10540085700791101752,12576595138641538688,value,legacy,-1,1,0,0,2,29,18,32,28,29,9,14,0,0,3,3,1,1,0,0,0,0,0
672,999,16012436471845066194,16291845849399160514,legacy,value,1,0,1,0,1,67,62,50,67,66,37,31,0,1,5,3,3,4,0,0,0,0,0
672,999,16012436471845066194,16291845849399160514,value,legacy,-1,1,0,0,2,172,178,188,171,172,112,121,2,1,10,9,9,11,0,0,0,0,0
673,999,11407944806672544744,3408009428054900961,legacy,value,-1,1,0,0,2,123,112,122,122,123,79,85,0,1,6,5,8,6,0,0,0,0,0
673,999,11407944806672544744,3408009428054900961,value,legacy,-1,1,0,0,2,140,135,142,139,140,90,92,1,1,10,6,8,11,0,0,0,0,0
674,999,3030439621571350308,4799107302328618340,legacy,value,-1,1,0,0,2,140,127,153,139,140,90,85,1,1,9,9,5,8,0,0,0,1,0
674,999,3030439621571350308,4799107302328618340,value,legacy,-1,1,0,0,2,138,128,146,137,138,92,100,2,3,10,7,5,8,0,0,0,0,0
675,999,6870356685690229397,8132638554825739454,legacy,value,1,0,1,0,1,313,340,325,313,312,233,230,2,5,18,19,20,13,0,0,0,0,0
675,999,6870356685690229397,8132638554825739454,value,legacy,-1,1,0,0,2,98,86,104,97,98,59,65,1,0,6,5,6,7,0,0,0,0,0
676,999,2814904242520060358,4424514730328404952,legacy,value,1,0,1,0,1,698,773,782,698,697,543,521,7,5,46,44,32,37,0,0,1,0,0
676,999,2814904242520060358,4424514730328404952,value,legacy,1,0,1,0,1,39,54,35,39,38,31,21,0,0,3,2,2,2,0,0,0,0,0
677,999,12916812135231757917,9521261234228371863,legacy,value,1,0,1,0,1,420,464,458,420,419,321,306,3,5,19,27,24,24,0,1,0,1,0
677,999,12916812135231757917,9521261234228371863,value,legacy,-1,1,0,0,2,257,288,289,256,257,183,206,3,1,13,17,15,12,0,0,0,0,0
678,999,13172363978229398864,13356179581126515175,legacy,value,-1,1,0,0,2,205,199,225,204,205,140,140,1,1,9,11,16,16,0,0,0,0,0
678,999,13172363978229398864,13356179581126515175,value,legacy,-1,1,0,0,2,187,203,208,186,187,128,142,2,2,7,4,16,12,0,0,0,1,0
679,999,8313973912148321037,11010195076996288095,legacy,value,1,0,1,0,1,134,148,132,134,133,96,90,0,2,9,12,8,3,0,0,0,0,0
679,999,8313973912148321037,11010195076996288095,value,legacy,-1,1,0,0,2,490,515,496,489,490,328,360,3,4,28,27,33,26,0,0,2,1,0
680,999,10624099954518599494,14894051796909215689,legacy,value,1,0,1,0,1,533,582,572,533,532,401,396,4,6,33,29,26,30,0,0,0,0,0
680,999,10624099954518599494,14894051796909215689,value,legacy,1,0,1,0,1,171,202,189,171,170,127,124,0,0,11,10,12,10,0,0,0,0,0
681,999,8249686692869673290,13095281253352969436,legacy,value,-1,1,0,0,2,421,423,433,420,421,297,305,0,6,31,21,22,22,0,0,0,0,0
681,999,8249686692869673290,13095281253352969436,value,legacy,1,0,1,0,1,258,285,276,258,257,195,188,1,6,18,14,13,10,0,0,0,1,0
682,999,14153819728812234597,11603174276801363986,legacy,value,-1,1,0,0,2,146,141,165,145,146,100,99,1,1,10,9,6,6,0,0,0,0,0
682,999,14153819728812234597,11603174276801363986,value,legacy,-1,1,0,0,2,130,124,133,129,130,82,89,2,1,8,8,7,8,0,0,0,1,0
683,999,3879906957019485398,3671596580262061213,legacy,value,-1,1,0,0,2,87,72,98,86,87,57,57,3,1,5,4,4,5,0,0,0,0,0
683,999,3879906957019485398,3671596580262061213,value,legacy,-1,1,0,0,2,748,786,786,747,748,542,556,10,5,45,42,35,45,0,0,1,0,0
684,999,14979129028297640994,12843970267842264366,legacy,value,1,0,1,0,1,163,178,182,163,162,121,105,2,1,12,12,6,9,0,0,0,0,0
684,999,14979129028297640994,12843970267842264366,value,legacy,-1,1,0,0,2,53,44,60,52,53,24,33,0,0,4,5,2,3,0,0,1,0,0
685,999,9646583627456112995,11035646708304168299,legacy,value,-1,1,0,0,2,214,203,228,213,214,145,142,3,0,17,11,8,15,0,0,0,1,0
685,999,9646583627456112995,11035646708304168299,value,legacy,-1,1,0,0,2,29,19,29,28,29,7,18,0,0,3,1,1,3,0,0,1,0,0
686,999,2102855449304492143,1388573644057397627,legacy,value,1,0,1,0,1,405,443,429,405,404,293,288,6,5,23,21,17,23,0,0,1,0,0
686,999,2102855449304492143,1388573644057397627,value,legacy,-1,1,0,0,2,255,255,256,254,255,175,183,4,5,12,18,14,9,0,0,0,0,0
687,999,13761526992562275683,3882609778552958474,legacy,value,1,0,1,0,1,637,669,673,637,636,473,454,8,2,27,30,34,45,1,0,0,0,0
687,999,13761526992562275683,3882609778552958474,value,legacy,-1,1,0,0,2,128,136,150,127,128,93,95,0,1,6,9,8,5,0,0,0,0,0
688,999,3754801395274141161,17215981894475701453,legacy,value,1,0,1,0,1,168,187,183,168,167,113,106,0,2,11,9,11,10,0,0,0,0,0
688,999,3754801395274141161,17215981894475701453,value,legacy,1,0,1,0,1,233,237,205,233,232,141,153,1,4,17,14,12,10,0,0,0,0,0
689,999,9517372665731652616,10923315795232150607,legacy,value,1,0,1,0,1,69,70,63,69,68,39,34,1,0,4,5,5,5,0,0,0,1,0
689,999,9517372665731652616,10923315795232150607,value,legacy,1,0,1,0,1,185,206,186,185,184,125,126,0,2,13,12,11,9,0,0,0,1,0
690,999,9468788055742504318,2073942247280272073,legacy,value,1,0,1,0,1,860,937,955,860,859,667,636,7,9,39,53,50,48,1,0,0,1,0
690,999,9468788055742504318,2073942247280272073,value,legacy,1,0,1,0,1,732,770,724,732,731,511,532,7,7,39,52,43,34,0,0,2,0,0
691,999,6481025970333939309,2086004509390003789,legacy,value,-1,1,0,0,2,135,109,121,134,135,74,79,2,2,6,7,8,10,0,0,0,0,0
691,999,6481025970333939309,2086004509390003789,value,legacy,-1,1,0,0,2,399,417,388,398,399,255,293,6,6,19,25,25,17,0,0,0,0,0
692,999,10843432200058704006,14571904655651010914,legacy,value,1,0,1,0,1,114,119,113,114,113,84,72,0,0,10,7,2,8,0,0,0,0,0
692,999,10843432200058704006,14571904655651010914,value,legacy,-1,1,0,0,2,32,20,29,31,32,12,20,0,0,3,4,1,1,0,0,0,0,0
693,999,5767842973093312623,4663799461780802477,legacy,value,1,0,1,0,1,429,448,426,429,428,301,303,2,2,29,33,19,18,0,0,3,0,0
693,999,5767842973093312623,4663799461780802477,value,legacy,1,0,1,0,1,886,947,907,886,885,636,647,8,4,63,62,45,41,0,0,0,0,0
694,999,7084041818113469701,7565039870588286774,legacy,value,1,0,1,0,1,99,89,84,99,98,62,47,0,1,4,4,8,9,0,0,0,0,0
694,999,7084041818113469701,7565039870588286774,value,legacy,1,0,1,0,1,436,492,451,436,435,325,343,6,8,26,19,23,23,0,0,0,0,0
695,999,17326494951098266366,9677153354282090275,legacy,value,1,0,1,0,1,73,79,66,73,72,51,42,0,0,8,3,3,6,0,0,0,0,0
695,999,17326494951098266366,9677153354282090275,value,legacy,1,0,1,0,1,691,779,734,691,690,496,516,4,11,37,32,38,34,0,0,0,0,0
696,999,6753944970233071437,13314410678148434473,legacy,value,1,0,1,0,1,35,30,20,35,34,17,13,1,0,2,3,2,2,0,0,0,0,0
696,999,6753944970233071437,13314410678148434473,value,legacy,-1,1,0,0,2,84,82,96,83,84,54,57,2,2,7,6,2,3,0,0,0,0,0
697,999,2609839101305649744,16172297492845531406,legacy,value,-1,1,0,0,2,36,22,38,35,36,15,20,0,0,2,3,2,1,0,0,0,0,0
697,999,2609839101305649744,16172297492845531406,value,legacy,1,0,1,0,1,205,232,201,205,204,143,146,4,1,14,16,10,9,0,0,1,0,0
698,999,7020415439516279271,13351057633255078398,legacy,value,1,0,1,0,1,1033,1090,1104,1033,1032,767,740,10,9,63,59,46,67,0,0,0,0,0
698,999,7020415439516279271,13351057633255078398,value,legacy,1,0,1,0,1,148,174,167,148,147,118,105,1,2,5,7,9,6,0,0,0,0,0
699,999,17449761507204480612,8584684114175105764,legacy,value,-1,1,0,0,2,280,272,301,279,280,198,194,3,5,19,20,13,10,0,0,0,0,0
699,999,17449761507204480612,8584684114175105764,value,legacy,-1,1,0,0,2,51,34,45,50,51,18,24,0,0,3,2,4,5,0,0,0,0,0
700,999,4149927453035968765,14010090715884361551,legacy,value,1,0,1,0,1,290,314,318,290,289,222,202,3,1,14,18,14,17,0,0,0,0,0
700,999,4149927453035968765,14010090715884361551,value,legacy,1,0,1,0,1,304,349,297,304,303,213,241,2,4,19,15,18,13,0,0,1,0,0
701,999,16843867819596827137,14144592993888279950,legacy,value,-1,1,0,0,2,65,50,59,64,65,33,41,0,1,5,5,4,2,0,0,0,0,0
701,999,16843867819596827137,14144592993888279950,value,legacy,-1,1,0,0,2,281,288,279,280,281,184,207,2,4,16,18,18,12,0,0,0,0,0
702,999,7612905355144265855,6848425476981464964,legacy,value,-1,1,0,0,2,209,201,221,208,209,147,148,3,2,16,8,6,14,0,0,0,0,0
702,999,7612905355144265855,6848425476981464964,value,legacy,1,0,1,0,1,190,193,175,190,189,126,124,3,1,10,9,11,14,0,0,0,0,0
703,999,18413118130199182151,17418534583975403582,legacy,value,1,0,1,0,1,671,694,700,671,670,480,455,10,10,39,34,37,38,0,0,0,2,0
703,999,18413118130199182151,17418534583975403582,value,legacy,-1,1,0,0,2,155,127,144,154,155,90,96,0,4,11,7,9,8,0,0,0,0,0
704,999,8109154592212264689,11682100447837898100,legacy,value,-1,1,0,0,2,178,181,205,177,178,132,132,2,3,9,11,10,11,0,0,0,0,0
704,999,8109154592212264689,11682100447837898100,value,legacy,-1,1,0,0,2,167,185,183,166,167,111,135,1,2,12,8,11,6,0,0,0,0,0
705,999,6878172768325852433,10153061134365678109,legacy,value,-1,1,0,0,2,58,51,64,57,58,28,35,0,0,4,4,4,3,0,0,0,0,0
705,999,6878172768325852433,10153061134365678109,value,legacy,-1,1,0,0,2,914,927,964,913,914,662,648,6,8,64,57,49,47,0,0,0,1,0
706,999,4933801091521888593,11856190173549371482,legacy,value,-1,1,0,0,2,306,328,347,305,306,215,222,3,3,18,16,15,22,0,0,1,1,0
706,999,4933801091521888593,11856190173549371482,value,legacy,-1,1,0,0,2,133,124,132,132,133,82,92,0,3,9,6,7,7,0,0,0,0,0
707,999,4324348318786948465,11500388637722894509,legacy,value,-1,1,0,0,2,463,459,482,462,463,320,318,4,1,33,22,19,33,0,0,0,1,0
707,999,4324348318786948465,11500388637722894509,value,legacy,1,0,1,0,1,246,279,239,246,245,166,184,1,5,19,15,11,14,0,0,1,1,0
708,999,9889703853056593251,8007988836806828538,legacy,value,-1,1,0,0,2,209,207,240,208,209,157,145,4,1,13,16,7,10,0,0,0,1,0
708,999,9889703853056593251,8007988836806828538,value,legacy,-1,1,0,0,2,35,16,33,34,35,9,18,0,0,4,3,0,1,0,0,0,0,0
709,999,5760234321201059626,5745774511033216093,legacy,value,-1,1,0,0,2,226,216,236,225,226,146,143,1,3,17,16,10,11,0,0,1,1,0
709,999,5760234321201059626,5745774511033216093,value,legacy,-1,1,0,0,2,65,56,72,64,65,36,42,1,3,4,1,3,4,0,0,0,0,0
710,999,17088717714527918121,18440126851033355288,legacy,value,1,0,1,0,1,39,49,28,39,38,26,16,0,0,2,3,2,2,0,0,0,0,0
710,999,17088717714527918121,18440126851033355288,value,legacy,-1,1,0,0,2,79,75,84,78,79,46,55,1,2,5,5,3,4,0,0,0,0,0
711,999,1323890361622987398,15045299780030658544,legacy,value,1,0,1,0,1,169,175,177,169,168,134,116,0,3,16,7,2,6,0,0,0,0,0
711,999,1323890361622987398,15045299780030658544,value,legacy,-1,1,0,0,2,844,930,887,843,844,606,664,12,15,41,48,46,32,0,0,0,0,0
712,999,17633473166198916370,6665781723774668112,legacy,value,-1,1,0,0,2,127,116,138,126,127,85,84,1,1,10,11,3,6,0,0,0,0,0
712,999,17633473166198916370,6665781723774668112,value,legacy,-1,1,0,0,2,169,176,173,168,169,113,125,2,2,8,10,10,7,0,0,0,0,0
713,999,1679769517454487733,2653442889026312361,legacy,value,1,0,1,0,1,31,39,23,31,30,20,13,0,0,2,3,2,1,0,0,0,0,0
713,999,1679769517454487733,2653442889026312361,value,legacy,-1,1,0,0,2,297,312,325,296,297,212,218,5,6,14,16,15,13,0,0,0,0,0
714,999,5168553636731878863,16257799087820402918,legacy,value,-1,1,0,0,2,40,29,44,39,40,25,24,1,0,3,2,0,2,0,0,0,0,0
714,999,5168553636731878863,16257799087820402918,value,legacy,-1,1,0,0,2,149,151,147,148,149,88,104,1,0,6,9,12,8,0,0,0,0,0
715,999,4771550776668544603,10860536546683352046,legacy,value,1,0,1,0,1,53,45,37,53,52,31,21,0,0,4,4,4,3,0,0,0,0,0
715,999,4771550776668544603,10860536546683352046,value,legacy,1,0,1,0,1,77,91,62,77,76,47,42,1,2,3,4,6,4,0,0,1,0,0
716,999,7397785537094977170,7417543671087332661,legacy,value,1,0,1,0,1,39,49,31,39,38,29,21,0,0,4,3,2,2,0,0,0,0,0
716,999,7397785537094977170,7417543671087332661,value,legacy,1,0,1,0,1,495,519,496,495,494,351,356,6,6,28,23,27,32,0,0,0,0,0
717,999,2181426381570904890,9123025650205414423,legacy,value,1,0,1,0,1,211,218,202,211,210,146,148,2,4,12,10,11,10,0,0,0,0,0
717,999,2181426381570904890,9123025650205414423,value,legacy,1,0,1,0,1,409,450,416,409,408,294,314,4,3,23,22,27,23,0,0,0,0,0
718,999,1197885001258258230,13865430895369007710,legacy,value,1,0,1,0,1,80,86,74,80,79,54,49,2,2,3,3,6,5,0,0,0,0,0
718,999,1197885001258258230,13865430895369007710,value,legacy,1,0,1,0,1,740,817,750,740,739,514,558,10,13,37,41,45,35,0,0,1,0,0
719,999,1824824148033308818,8490952803088400056,legacy,value,-1,1,0,0,2,42,35,50,41,42,25,30,1,0,2,2,1,2,0,0,1,0,0
719,999,1824824148033308818,8490952803088400056,value,legacy,1,0,1,0,1,253,271,235,253,252,171,184,3,1,17,19,13,13,0,0,1,0,0
720,999,9981389497035960004,6770448082893245148,legacy,value,1,0,1,0,1,523,553,557,523,522,394,370,5,4,28,35,28,28,0,0,0,0,0
720,999,9981389497035960004,6770448082893245148,value,legacy,-1,1,0,0,2,266,280,272,265,266,169,189,2,1,13,15,16,16,0,0,0,0,0
721,999,4471915824045763019,11687241920714063205,legacy,value,1,0,1,0,1,115,117,108,115,114,68,63,1,2,7,7,8,7,0,0,0,0,0
721,999,4471915824045763019,11687241920714063205,value,legacy,-1,1,0,0,2,293,273,282,292,293,194,201,1,5,15,17,20,17,0,0,0,0,0
722,999,13964858273137215858,10850360142065591260,legacy,value,-1,1,0,0,2,146,141,158,145,146,102,105,0,2,5,9,12,8,0,0,0,0,0
722,999,13964858273137215858,10850360142065591260,value,legacy,-1,1,0,0,2,116,113,130,115,116,84,89,1,0,5,6,6,7,0,0,0,0,0
723,999,6453473572366461214,7711545206647407081,legacy,value,1,0,1,0,1,644,680,669,644,643,463,448,11,7,35,38,33,38,0,0,0,0,0
723,999,6453473572366461214,7711545206647407081,value,legacy,-1,1,0,0,2,60,57,66,59,60,34,43,0,1,2,4,5,3,0,0,0,0,0
724,999,16922692872793016511,14730067959046310544,legacy,value,-1,1,0,0,2,1160,1223,1253,1159,1160,847,837,10,11,66,75,71,59,0,0,1,0,0
724,999,16922692872793016511,14730067959046310544,value,legacy,1,0,1,0,1,135,142,145,135,134,102,82,1,1,7,7,4,8,0,0,0,0,0
725,999,9293576609280318725,8412630357133102822,legacy,value,-1,1,0,0,2,179,168,188,178,179,126,127,0,2,10,12,11,8,0,0,0,0,0
725,999,9293576609280318725,8412630357133102822,value,legacy,1,0,1,0,1,281,318,267,281,280,206,231,5,1,9,19,22,11,0,0,0,0,0
726,999,4563709763470663387,14119467827281782003,legacy,value,1,0,1,0,1,170,190,186,170,169,128,119,2,1,11,11,9,11,0,0,0,0,0
726,999,4563709763470663387,14119467827281782003,value,legacy,1,0,1,0,1,86,105,78,86,85,58,60,2,0,4,5,4,6,0,0,1,0,0
727,999,3446467239493720952,495945805787506512,legacy,value,-1,1,0,0,2,505,514,549,504,505,367,357,7,6,23,24,28,32,0,0,0,1,0
727,999,3446467239493720952,495945805787506512,value,legacy,1,0,1,0,1,549,616,554,549,548,385,415,9,9,33,27,23,27,0,0,1,0,0
728,999,1327561001310766680,4939641403354936017,legacy,value,1,0,1,0,1,202,202,203,202,201,154,136,4,1,14,12,8,11,0,0,1,0,0
728,999,1327561001310766680,4939641403354936017,value,legacy,-1,1,0,0,2,154,163,165,153,154,109,122,1,2,8,11,10,6,0,0,0,0,0
729,999,2734327423193627142,11331310136042447701,legacy,value,-1,1,0,0,2,90,69,90,89,90,56,52,0,1,6,4,4,6,0,0,0,0,0
729,999,2734327423193627142,11331310136042447701,value,legacy,-1,1,0,0,2,480,511,485,479,480,348,383,7,4,29,26,23,24,0,1,0,0,0
730,999,7558918373478016389,3757435585334243170,legacy,value,1,0,1,0,1,87,94,92,87,86,68,57,2,1,3,7,6,4,0,0,0,0,0
730,999,7558918373478016389,3757435585334243170,value,legacy,1,0,1,0,1,520,579,536,520,519,377,397,2,3,31,28,28,22,0,0,0,1,0
731,999,15812147806231550611,10392477457843098348,legacy,value,1,0,1,0,1,212,240,231,212,211,155,147,3,1,13,13,9,10,0,0,0,0,0
731,999,15812147806231550611,10392477457843098348,value,legacy,-1,1,0,0,2,77,72,86,76,77,45,52,0,0,4,7,5,3,0,0,0,0,0
732,999,12066648496374065870,2375113155991194425,legacy,value,1,0,1,0,1,206,218,224,206,205,167,144,4,3,13,12,7,8,0,0,0,0,0
732,999,12066648496374065870,2375113155991194425,value,legacy,1,0,1,0,1,40,40,27,40,39,25,20,0,0,3,2,3,3,0,0,0,0,0
733,999,12932793985022202472,17784917250166860824,legacy,value,1,0,1,0,1,43,55,40,43,42,31,26,0,0,4,6,2,0,0,0,0,0,0
733,999,12932793985022202472,17784917250166860824,value,legacy,1,0,1,0,1,227,255,234,227,226,157,159,0,3,15,14,11,11,0,0,0,0,0
734,999,11109516456211618741,6850235441774973426,legacy,value,1,0,1,0,1,30,41,24,30,29,18,14,0,1,2,1,1,2,0,0,0,0,0
734,999,11109516456211618741,6850235441774973426,value,legacy,1,0,1,0,1,250,270,247,250,249,186,188,2,3,13,21,18,10,0,0,0,0,0
735,999,15706672830973185152,4167551898687120379,legacy,value,1,0,1,0,1,111,119,111,111,110,79,67,1,0,8,3,6,10,0,0,0,1,0
735,999,15706672830973185152,4167551898687120379,value,legacy,1,0,1,0,1,58,66,48,58,57,37,33,0,1,6,2,1,5,0,0,0,0,0
736,999,16796801859004777639,16077325924100126891,legacy,value,-1,1,0,0,2,269,272,289,268,269,181,188,3,1,16,14,14,18,0,0,0,1,0
736,999,16796801859004777639,16077325924100126891,value,legacy,-1,1,0,0,2,93,94,97,92,93,57,72,3,0,6,6,3,3,0,0,0,0,0
737,999,15849144070264488999,12492188235537007939,legacy,value,1,0,1,0,1,159,177,165,159,158,108,100,1,2,6,9,13,9,0,0,0,0,0
737,999,15849144070264488999,12492188235537007939,value,legacy,-1,1,0,0,2,242,233,254,241,242,165,169,1,2,15,14,14,17,0,0,0,0,0
738,999,4809913882627848011,16124989770342235394,legacy,value,1,0,1,0,1,72,72,59,72,71,43,38,0,0,7,6,2,4,0,0,0,0,0
738,999,4809913882627848011,16124989770342235394,value,legacy,1,0,1,0,1,409,471,451,409,408,303,299,3,7,30,23,17,21,0,0,0,0,0
739,999,9053135061655178217,16167894502924729550,legacy,value,1,0,1,0,1,93,102,89,93,92,65,62,1,0,6,6,4,7,0,0,0,0,0
739,999,9053135061655178217,16167894502924729550,value,legacy,-1,1,0,0,2,291,304,315,290,291,203,208,3,4,18,17,13,19,0,0,0,0,0
740,999,7823530517183574925,14049689304353967619,legacy,value,-1,1,0,0,2,156,147,162,155,156,99,108,2,2,8,10,9,8,0,0,1,0,0
740,999,7823530517183574925,14049689304353967619,value,legacy,1,0,1,0,1,281,312,289,281,280,202,203,1,4,16,16,14,13,0,0,0,1,0
741,999,13219134770746275890,3295194044423654087,legacy,value,1,0,1,0,1,564,610,627,564,563,441,405,8,8,37,33,16,29,1,0,0,0,0
741,999,13219134770746275890,3295194044423654087,value,legacy,1,0,1,0,1,234,261,232,234,233,169,177,5,2,13,11,13,12,0,0,0,0,0
742,999,5275648700721328698,17302844522904892651,legacy,value,1,0,1,0,1,34,31,21,34,33,15,10,0,0,3,2,1,2,0,0,0,0,0
742,999,5275648700721328698,17302844522904892651,value,legacy,-1,1,0,0,2,94,91,97,93,94,55,65,1,1,4,4,7,5,0,0,0,0,0
743,999,11240563201127566736,4359633055338672013,legacy,value,1,0,1,0,1,573,617,611,573,572,426,414,11,5,33,31,28,32,0,0,0,0,0
743,999,11240563201127566736,4359633055338672013,value,legacy,-1,1,0,0,2,208,214,223,207,208,136,152,2,1,17,13,9,12,0,0,0,0,0
744,999,16487047407659159274,8155738588568172513,legacy,value,1,0,1,0,1,673,672,690,673,672,493,462,13,5,37,44,30,36,0,0,0,0,0
744,999,16487047407659159274,8155738588568172513,value,legacy,1,0,1,0,1,1365,1558,1478,1365,1364,986,1034,13,15,77,76,77,65,0,0,1,0,0
745,999,14134514082088312715,2690188302048816152,legacy,value,1,0,1,0,1,605,655,652,605,604,455,430,4,4,33,34,34,44,0,0,0,0,0
745,999,14134514082088312715,2690188302048816152,value,legacy,-1,1,0,0,2,224,218,229,223,224,145,161,2,4,13,15,14,9,0,0,0,1,0
746,999,13092639175506528298,17139647095423569090,legacy,value,-1,1,0,0,2,81,67,82,80,81,48,51,0,0,7,7,3,4,0,0,0,1,0
746,999,13092639175506528298,17139647095423569090,value,legacy,1,0,1,0,1,318,335,314,318,317,216,217,3,3,21,18,18,18,0,0,0,0,0
747,999,8385946130856502090,12637130809700645678,legacy,value,1,0,1,0,1,107,105,95,107,106,77,67,1,0,6,7,7,7,0,0,0,0,0
747,999,8385946130856502090,12637130809700645678,value,legacy,1,0,1,0,1,323,355,314,323,322,226,242,5,3,21,21,15,15,0,0,2,0,0
748,999,5839517482070814339,3650147296827603540,legacy,value,1,0,1,0,1,445,484,458,445,444,318,316,10,4,23,23,25,29,0,0,0,0,0
748,999,5839517482070814339,3650147296827603540,value,legacy,-1,1,0,0,2,23,12,26,22,23,5,16,0,0,1,1,2,2,0,0,0,0,0
749,999,14934933743051555243,16857282782990395330,legacy,value,-1,1,0,0,2,396,406,428,395,396,288,288,4,7,19,25,19,18,0,0,0,0,0
749,999,14934933743051555243,16857282782990395330,value,legacy,-1,1,0,0,2,168,203,197,167,168,115,127,2,2,13,11,4,6,0,0,0,0,0
750,999,11402639514807924910,1594808133794446519,legacy,value,1,0,1,0,1,434,469,462,434,433,323,311,7,6,20,19,27,27,0,0,0,0,0
750,999,11402639514807924910,1594808133794446519,value,legacy,-1,1,0,0,2,76,73,68,75,76,41,56,2,0,4,5,4,4,0,0,0,0,0
751,999,17212175330657449383,14147811541251220391,legacy,value,1,0,1,0,1,123,122,118,123,122,99,82,1,1,4,7,7,8,0,0,0,0,0
751,999,17212175330657449383,14147811541251220391,value,legacy,1,0,1,0,1,47,63,42,47,46,33,26,0,0,3,3,3,3,0,0,0,0,0
752,999,14505474046571920145,5523160238240641111,legacy,value,-1,1,0,0,2,137,133,155,136,137,95,97,1,1,9,6,9,10,0,0,0,0,0
752,999,14505474046571920145,5523160238240641111,value,legacy,1,0,1,0,1,209,220,204,209,208,145,148,0,5,13,15,10,7,0,0,0,0,0
753,999,16629037003737027716,6015679054632145083,legacy,value,1,0,1,0,1,48,51,40,48,47,30,22,0,0,2,4,3,2,0,0,0,1,0
753,999,16629037003737027716,6015679054632145083,value,legacy,-1,1,0,0,2,811,881,822,810,811,569,638,8,9,55,55,39,33,0,0,1,0,0
754,999,1548703146035236627,18089300060575935729,legacy,value,-1,1,0,0,2,214,248,258,213,214,158,169,2,4,13,12,11,12,0,0,0,0,0
754,999,1548703146035236627,18089300060575935729,value,legacy,-1,1,0,0,2,125,127,133,124,125,85,92,0,1,10,2,3,8,0,0,0,0,0
755,999,7301906961094736,15583883550125760737,legacy,value,-1,1,0,0,2,156,126,145,155,156,88,86,3,2,3,11,14,8,0,0,0,0,0
755,999,7301906961094736,15583883550125760737,value,legacy,-1,1,0,0,2,477,508,487,476,477,327,366,5,6,27,21,25,26,0,0,0,0,0
756,999,16905948201861476137,17373313227678963849,legacy,value,1,0,1,0,1,275,280,283,275,274,193,179,2,3,17,17,12,16,0,0,0,0,0
756,999,16905948201861476137,17373313227678963849,value,legacy,-1,1,0,0,2,758,805,795,757,758,527,551,6,11,44,42,44,33,0,0,1,0,0
757,999,7709490862719240814,2043274074693206412,legacy,value,1,0,1,0,1,95,97,82,95,94,59,52,0,1,3,5,11,6,0,0,0,0,0
757,999,7709490862719240814,2043274074693206412,value,legacy,-1,1,0,0,2,399,438,431,398,399,284,304,7,2,16,24,22,16,0,0,0,0,0
758,999,2736360645258586896,4845229052035588218,legacy,value,-1,1,0,0,2,76,70,88,75,76,46,52,0,0,5,8,4,1,0,0,0,0,0
758,999,2736360645258586896,4845229052035588218,value,legacy,-1,1,0,0,2,487,536,521,486,487,345,375,6,6,26,24,22,21,0,0,2,0,0
759,999,10671146536040418233,17978625437074108849,legacy,value,-1,1,0,0,2,64,56,64,63,64,32,41,0,1,4,1,4,6,0,0,0,0,0
759,999,10671146536040418233,17978625437074108849,value,legacy,1,0,1,0,1,328,368,350,328,327,242,243,7,1,11,22,19,13,0,0,0,0,0
760,999,6542058789251866420,4770630532173301089,legacy,value,-1,1,0,0,2,251,245,255,250,251,165,172,1,7,17,13,15,15,0,0,0,0,0
760,999,6542058789251866420,4770630532173301089,value,legacy,-1,1,0,0,2,276,289,313,275,276,201,207,4,4,13,7,17,20,0,0,1,0,0
761,999,1044989416368797474,5982713588264334062,legacy,value,1,0,1,0,1,149,173,149,149,148,114,111,1,1,10,6,7,10,0,0,0,0,0
761,999,1044989416368797474,5982713588264334062,value,legacy,1,0,1,0,1,631,689,648,631,630,457,476,8,9,39,42,32,25,0,0,2,1,0
762,999,5438610550503444714,5582457613791933172,legacy,value,-1,1,0,0,2,151,139,154,150,151,100,104,0,2,5,8,11,8,0,0,0,0,0
762,999,5438610550503444714,5582457613791933172,value,legacy,-1,1,0,0,2,93,98,94,92,93,52,72,1,2,3,5,7,3,0,0,1,0,0
763,999,2033775397020108961,7109631484316109922,legacy,value,-1,1,0,0,2,105,105,126,104,105,66,66,0,1,8,5,5,7,0,0,0,0,0
763,999,2033775397020108961,7109631484316109922,value,legacy,1,0,1,0,1,155,166,139,155,154,102,108,3,4,11,7,8,9,0,0,0,0,0
764,999,4708255304917068322,6270196532457183460,legacy,value,1,0,1,0,1,482,502,524,482,481,380,344,2,1,25,30,22,28,0,0,0,0,0
764,999,4708255304917068322,6270196532457183460,value,legacy,1,0,1,0,1,69,87,62,69,68,45,45,0,0,5,4,2,2,0,0,0,0,0
765,999,6556911314072606138,1753701377103060951,legacy,value,-1,1,0,0,2,380,409,432,379,380,287,287,4,3,20,17,14,27,0,0,0,0,0
765,999,6556911314072606138,1753701377103060951,value,legacy,-1,1,0,0,2,24,10,21,23,24,6,14,0,0,2,3,0,1,0,0,0,0,0
766,999,13710156610379855771,4997991118255487325,legacy,value,-1,1,0,0,2,457,482,534,456,457,354,331,5,4,19,26,29,28,0,0,0,1,0
766,999,13710156610379855771,4997991118255487325,value,legacy,1,0,1,0,1,231,261,236,231,230,163,167,3,2,16,11,12,10,0,0,1,1,0
767,999,12500165407805323596,2743764852898737822,legacy,value,-1,1,0,0,2,300,317,318,299,300,205,225,5,3,16,17,16,13,0,0,0,0,0
767,999,12500165407805323596,2743764852898737822,value,legacy,-1,1,0,0,2,344,360,349,343,344,222,248,3,4,14,20,25,16,0,0,0,0,0
768,999,972133161483878570,10219869355760779011,legacy,value,-1,1,0,0,2,108,96,125,107,108,79,66,1,0,4,6,3,7,0,0,0,1,0
768,999,972133161483878570,10219869355760779011,value,legacy,1,0,1,0,1,81,88,76,81,80,59,54,0,0,6,6,5,5,0,0,0,0,0
769,999,15097224131382465871,1817972530807843926,legacy,value,1,0,1,0,1,59,64,50,59,58,35,32,1,0,3,3,4,4,0,0,0,0,0
769,999,15097224131382465871,1817972530807843926,value,legacy,-1,1,0,0,2,171,175,186,170,171,110,117,4,2,5,8,12,12,0,0,0,0,0
770,999,12789485697073573764,492469826329101106,legacy,value,1,0,1,0,1,122,143,127,122,121,93,90,1,1,7,8,6,7,0,0,0,0,0
770,999,12789485697073573764,492469826329101106,value,legacy,1,0,1,0,1,30,29,16,30,29,16,11,0,0,2,3,3,1,0,0,0,0,0
771,999,9940103887435140142,12383082257254504733,legacy,value,1,0,1,0,1,39,45,34,39,38,28,19,1,0,1,2,2,3,0,0,1,0,0
771,999,9940103887435140142,12383082257254504733,value,legacy,-1,1,0,0,2,250,271,281,249,250,177,189,2,2,13,16,16,12,0,0,0,0,0
772,999,16292814095555795184,13698020075574386060,legacy,value,-1,1,0,0,2,243,236,249,242,243,150,154,5,5,7,13,19,16,0,0,0,0,0
772,999,16292814095555795184,13698020075574386060,value,legacy,1,0,1,0,1,300,322,297,300,299,193,201,3,3,15,19,22,13,0,0,0,0,0
773,999,7394036131302055109,12148873678017023655,legacy,value,-1,1,0,0,2,221,214,259,220,221,163,145,1,0,16,14,8,13,0,0,1,0,0
773,999,7394036131302055109,12148873678017023655,value,legacy,1,0,1,0,1,30,26,17,30,29,17,8,0,0,1,1,3,3,0,0,0,0,0
774,999,5797375995760694637,5290373776616810977,legacy,value,1,0,1,0,1,338,368,329,338,337,233,249,6,5,17,17,20,14,0,0,0,0,0
774,999,5797375995760694637,5290373776616810977,value,legacy,-1,1,0,0,2,84,72,84,83,84,46,49,1,2,4,3,7,5,0,0,0,0,0
775,999,14949748899500341869,13791704437241999592,legacy,value,1,0,1,0,1,215,217,197,215,214,151,151,5,3,15,12,10,13,0,0,0,0,0
775,999,14949748899500341869,13791704437241999592,value,legacy,1,0,1,0,1,600,656,604,600,599,414,438,4,4,33,35,39,28,0,0,0,0,0
776,999,13716736463800912572,7754931574982135747,legacy,value,-1,1,0,0,2,89,86,99,88,89,60,63,0,1,6,5,5,4,0,0,0,0,0
776,999,13716736463800912572,7754931574982135747,value,legacy,-1,1,0,0,2,59,47,48,58,59,25,41,1,0,4,6,2,1,0,0,0,0,0
777,999,4706031315481902816,9837526728160062391,legacy,value,-1,1,0,0,2,70,70,83,69,70,45,50,1,3,3,1,5,5,0,0,0,0,0
777,999,4706031315481902816,9837526728160062391,value,legacy,1,0,1,0,1,74,88,75,74,73,47,43,0,1,3,4,6,4,0,0,1,0,0
778,999,10145125182443258473,5762525697753163434,legacy,value,-1,1,0,0,2,91,74,90,90,91,49,51,1,0,3,6,7,6,0,0,0,0,0
778,999,10145125182443258473,5762525697753163434,value,legacy,-1,1,0,0,2,206,201,201,205,206,131,147,0,4,18,11,10,9,0,0,0,0,0
779,999,4914222897819848880,4140007792214837809,legacy,value,1,0,1,0,1,671,699,746,671,670,531,473,8,4,34,40,31,42,0,0,0,1,0
779,999,4914222897819848880,4140007792214837809,value,legacy,1,0,1,0,1,700,767,741,700,699,515,518,7,7,42,41,38,39,0,0,1,1,0
780,999,6725439823939393682,6137997206946832267,legacy,value,1,0,1,0,1,1227,1308,1345,1227,1226,938,889,14,16,63,77,61,56,0,0,1,0,0
780,999,6725439823939393682,6137997206946832267,value,legacy,-1,1,0,0,2,714,752,737,713,714,490,522,5,9,45,32,38,45,0,0,0,1,0
781,999,9437311196452308327,8546787791205490532,legacy,value,-1,1,0,0,2,117,110,126,116,117,64,73,0,0,8,8,8,7,0,0,0,0,0
781,999,9437311196452308327,8546787791205490532,value,legacy,-1,1,0,0,2,720,809,762,719,720,491,554,5,8,50,48,33,35,0,0,2,0,0
782,999,914038078523516900,8199731060155288625,legacy,value,1,0,1,0,1,132,134,144,132,131,105,77,1,0,6,8,8,9,0,0,0,0,0
782,999,914038078523516900,8199731060155288625,value,legacy,-1,1,0,0,2,96,82,86,95,96,52,63,1,2,4,4,8,7,0,0,0,0,0
783,999,7425272649335664757,10779857660726890093,legacy,value,1,0,1,0,1,159,181,163,159,158,119,115,2,1,10,11,7,7,0,0,0,0,0
783,999,7425272649335664757,10779857660726890093,value,legacy,-1,1,0,0,2,57,45,57,56,57,29,34,1,0,6,1,1,5,0,0,0,0,0
784,999,4799669619769000699,17907920049695914900,legacy,value,1,0,1,0,1,217,221,215,217,216,152,135,5,1,12,14,9,14,0,0,0,0,0
784,999,4799669619769000699,17907920049695914900,value,legacy,1,0,1,0,1,155,153,137,155,154,104,102,1,3,11,8,9,9,0,0,0,0,0
785,999,11883304073143311162,17202970610832597557,legacy,value,-1,1,0,0,2,352,350,392,351,352,257,235,2,3,27,22,10,19,0,0,0,1,0
785,999,11883304073143311162,17202970610832597557,value,legacy,-1,1,0,0,2,65,63,67,64,65,37,50,0,0,6,4,2,4,0,0,0,0,0
786,999,14631286785924714443,7923987509894337839,legacy,value,-1,1,0,0,2,36,30,53,35,36,19,23,0,0,3,2,1,2,0,0,1,0,0
786,999,14631286785924714443,7923987509894337839,value,legacy,1,0,1,0,1,162,177,158,162,161,107,109,3,2,10,9,9,10,0,0,1,0,0
787,999,10331784492165766826,10227502640736136277,legacy,value,1,0,1,0,1,61,52,42,61,60,35,24,0,0,5,2,3,6,0,0,0,0,0
787,999,10331784492165766826,10227502640736136277,value,legacy,1,0,1,0,1,233,262,224,233,232,155,171,3,1,14,13,11,12,0,0,0,0,0
788,999,2156863512270574980,1266003902402034102,legacy,value,-1,1,0,0,2,75,71,87,74,75,45,52,0,0,4,8,5,1,0,0,0,0,0
788,999,2156863512270574980,1266003902402034102,value,legacy,1,0,1,0,1,268,294,260,268,267,181,194,2,2,13,16,18,16,0,0,0,0,0
789,999,331820886294946684,9442143748047642337,legacy,value,-1,1,0,0,2,352,340,355,351,352,249,250,4,6,23,24,16,16,0,0,0,0,0
789,999,331820886294946684,9442143748047642337,value,legacy,-1,1,0,0,2,270,296,300,269,270,185,208,4,3,16,17,17,10,0,0,0,0,0
790,999,1641295979122306668,7197028393840819572,legacy,value,1,0,1,0,1,161,165,165,161,160,125,107,3,0,8,6,8,11,0,0,0,0,0
790,999,1641295979122306668,7197028393840819572,value,legacy,1,0,1,0,1,193,216,187,193,192,128,134,2,2,12,7,8,8,0,0,1,0,0
791,999,2580871999033687785,9451118124046151844,legacy,value,1,0,1,0,1,50,60,46,50,49,33,32,0,0,2,2,4,3,0,0,0,0,0
791,999,2580871999033687785,9451118124046151844,value,legacy,-1,1,0,0,2,101,96,107,100,101,64,72,1,1,5,8,7,4,0,0,0,0,0
792,999,10542702858641595594,8489809348668807036,legacy,value,1,0,1,0,1,105,114,101,105,104,78,71,1,1,7,8,8,5,0,0,0,0,0
792,999,10542702858641595594,8489809348668807036,value,legacy,-1,1,0,0,2,725,747,746,724,725,514,535,7,10,45,38,40,43,0,0,0,0,0
793,999,3179461420325954030,10080974919330891958,legacy,value,-1,1,0,0,2,174,163,194,173,174,119,117,2,1,9,9,9,13,0,0,1,0,0
793,999,3179461420325954030,10080974919330891958,value,legacy,1,0,1,0,1,596,644,607,596,595,414,425,3,8,42,27,31,33,0,0,0,0,0
794,999,13216148541823129560,3890253321254098708,legacy,value,-1,1,0,0,2,306,303,322,305,306,218,226,2,3,18,18,12,16,0,0,0,1,0
794,999,13216148541823129560,3890253321254098708,value,legacy,1,0,1,0,1,156,175,147,156,155,106,105,2,2,10,9,9,10,0,0,0,0,0
795,999,9560453865915358888,17428598293641066487,legacy,value,1,0,1,0,1,303,322,304,303,302,205,206,4,1,25,16,11,20,0,0,0,0,0
795,999,9560453865915358888,17428598293641066487,value,legacy,-1,1,0,0,2,152,166,164,151,152,105,119,2,2,9,7,6,8,0,0,0,0,0
796,999,8163162874950494667,17193519974323384171,legacy,value,1,0,1,0,1,526,549,553,526,525,391,369,6,8,33,32,23,27,0,0,0,0,0
796,999,8163162874950494667,17193519974323384171,value,legacy,-1,1,0,0,2,156,161,162,155,156,93,114,0,1,11,8,10,8,0,0,1,0,0
797,999,11441529382635796155,966357065028942720,legacy,value,-1,1,0,0,2,427,414,446,426,427,300,289,1,3,18,30,22,21,0,0,0,1,0
797,999,11441529382635796155,966357065028942720,value,legacy,-1,1,0,0,2,395,411,399,394,395,261,294,4,3,28,25,20,17,1,0,1,0,0
798,999,15193655232632716518,1517885474538720905,legacy,value,1,0,1,0,1,241,273,265,241,240,203,192,3,4,12,15,10,7,0,0,0,0,0
798,999,15193655232632716518,1517885474538720905,value,legacy,-1,1,0,0,2,147,142,160,146,147,100,106,2,0,11,9,5,7,0,0,0,0,0
799,999,12976241054015918339,14191090418658528983,legacy,value,-1,1,0,0,2,305,313,326,304,305,207,213,4,2,19,23,18,15,0,0,1,0,0
799,999,12976241054015918339,14191090418658528983,value,legacy,-1,1,0,0,2,178,178,199,177,178,128,128,1,3,10,6,9,10,0,0,0,0,0
800,999,11681150526003630870,10488229689468314799,legacy,value,1,0,1,0,1,642,680,681,642,641,478,457,3,5,39,39,35,40,0,0,0,0,0
800,999,11681150526003630870,10488229689468314799,value,legacy,1,0,1,0,1,861,927,873,861,860,615,650,4,14,47,39,53,49,0,0,0,2,0
801,999,6616950737268325567,7481000642400508375,legacy,value,1,0,1,0,1,215,243,231,215,214,162,154,4,1,9,16,16,9,0,0,1,0,0
801,999,6616950737268325567,7481000642400508375,value,legacy,1,0,1,0,1,293,341,290,293,292,197,214,3,1,18,15,17,15,0,0,1,0,0
802,999,625389930340332737,11495589606668474505,legacy,value,-1,1,0,0,2,72,67,71,71,72,40,55,1,0,3,6,5,2,0,0,0,0,0
802,999,625389930340332737,11495589606668474505,value,legacy,-1,1,0,0,2,297,320,321,296,297,202,212,4,2,17,16,13,20,0,0,1,1,0
803,999,12730877703310484045,16963418455399695965,legacy,value,1,0,1,0,1,119,129,124,119,118,91,79,2,3,7,5,6,7,0,0,0,0,0
803,999,12730877703310484045,16963418455399695965,value,legacy,1,0,1,0,1,400,467,424,400,399,303,317,3,4,25,18,19,20,0,0,0,1,0
804,999,1146272862404568258,14405067923187517695,legacy,value,-1,1,0,0,2,406,398,444,405,406,299,276,6,3,22,23,20,28,0,0,0,0,0
804,999,1146272862404568258,14405067923187517695,value,legacy,1,0,1,0,1,194,241,202,194,193,134,153,0,5,12,7,11,5,0,0,0,0,0
805,999,1797446999528693408,16614976618811087454,legacy,value,1,0,1,0,1,481,521,514,481,480,359,341,4,8,31,34,24,20,0,0,0,1,0
805,999,1797446999528693408,16614976618811087454,value,legacy,1,0,1,0,1,75,100,74,75,74,57,56,0,1,4,2,3,3,0,0,1,0,0
806,999,6940755066567545430,3690171790002701474,legacy,value,1,0,1,0,1,244,248,237,244,243,173,167,1,1,11,16,15,14,0,0,0,0,0
806,999,6940755066567545430,3690171790002701474,value,legacy,1,0,1,0,1,119,134,103,119,118,76,80,0,0,11,11,5,2,0,0,0,1,0
807,999,16567197785910519658,16495126470261768001,legacy,value,1,0,1,0,1,119,131,115,119,118,83,72,1,3,5,5,9,7,0,0,0,0,0
807,999,16567197785910519658,16495126470261768001,value,legacy,-1,1,0,0,2,289,313,315,288,289,207,222,1,3,18,13,22,18,0,0,0,0,0
808,999,6069187855160200827,14483719461184298794,legacy,value,1,0,1,0,1,50,46,39,50,49,28,22,0,0,4,4,2,3,0,0,0,0,0
808,999,6069187855160200827,14483719461184298794,value,legacy,1,0,1,0,1,342,385,362,342,341,257,255,2,6,24,20,18,16,0,0,0,0,0
809,999,16607522340135424682,14305417399963996024,legacy,value,1,0,1,0,1,1000,1048,1027,1000,999,701,699,13,13,59,59,52,57,0,0,1,0,0
809,999,16607522340135424682,14305417399963996024,value,legacy,-1,1,0,0,2,61,44,52,60,61,28,37,0,0,2,7,5,2,0,0,0,0,0
810,999,10368914900162675146,15231655093850187735,legacy,value,-1,1,0,0,2,411,431,444,410,411,303,310,6,5,24,22,21,24,0,0,0,2,0
810,999,10368914900162675146,15231655093850187735,value,legacy,1,0,1,0,1,586,630,593,586,585,403,418,3,8,39,38,34,25,0,0,0,0,0
811,999,8571135737670113741,16575713774326591213,legacy,value,1,0,1,0,1,141,140,135,141,140,103,90,1,2,11,9,5,8,0,0,0,0,0
811,999,8571135737670113741,16575713774326591213,value,legacy,-1,1,0,0,2,17,7,18,16,17,3,9,0,0,1,1,1,2,0,0,0,0,0
812,999,8130164644071088892,3098562542621792390,legacy,value,1,0,1,0,1,77,92,74,77,76,52,43,0,1,6,3,4,7,0,0,1,0,0
812,999,8130164644071088892,3098562542621792390,value,legacy,-1,1,0,0,2,66,65,72,65,66,39,44,0,0,5,3,4,5,0,0,1,0,0
813,999,3933026904204095576,11559475304781299010,legacy,value,1,0,1,0,1,38,46,25,38,37,23,19,0,1,3,2,1,2,0,0,0,0,0
813,999,3933026904204095576,11559475304781299010,value,legacy,1,0,1,0,1,410,427,402,410,409,290,298,1,8,24,23,24,19,0,0,0,0,0
814,999,11186559187515257342,7645803823699851303,legacy,value,1,0,1,0,1,121,125,114,121,120,83,77,0,3,5,4,9,8,0,0,0,0,0
814,999,11186559187515257342,7645803823699851303,value,legacy,-1,1,0,0,2,67,51,59,66,67,28,37,0,1,4,6,5,2,0,0,0,0,0
815,999,13714104864296342033,13918881949225744562,legacy,value,1,0,1,0,1,177,197,175,177,176,124,116,0,1,16,9,7,13,0,0,0,0,0
815,999,13714104864296342033,13918881949225744562,value,legacy,-1,1,0,0,2,103,111,109,102,103,63,75,0,1,6,4,7,6,0,0,0,0,0
816,999,567311724319246688,3852086278570488248,legacy,value,1,0,1,0,1,428,467,450,428,427,304,301,4,4,22,24,30,24,0,0,0,0,0
816,999,567311724319246688,3852086278570488248,value,legacy,-1,1,0,0,2,185,168,168,184,185,110,124,0,4,14,13,9,6,0,0,0,0,0
817,999,10766484988817720525,9562635997741263673,legacy,value,-1,1,0,0,2,153,161,188,152,153,109,101,2,2,10,4,5,11,0,0,0,1,0
817,999,10766484988817720525,9562635997741263673,value,legacy,-1,1,0,0,2,39,24,38,38,39,16,25,0,0,3,3,1,3,0,0,0,0,0
818,999,6326367777412561768,6706000995326057196,legacy,value,-1,1,0,0,2,192,207,222,191,192,137,150,5,3,8,11,12,6,0,0,0,0,0
818,999,6326367777412561768,6706000995326057196,value,legacy,-1,1,0,0,2,68,56,73,67,68,37,42,0,2,2,3,5,5,0,0,0,0,0
819,999,13016538282048042162,17388967484988968167,legacy,value,-1,1,0,0,2,153,165,179,152,153,106,117,2,1,8,14,9,5,0,0,0,0,0
819,999,13016538282048042162,17388967484988968167,value,legacy,-1,1,0,0,2,359,380,376,358,359,247,267,4,4,22,26,18,17,0,0,0,0,0
820,999,15077976468969025391,1948155864228869442,legacy,value,1,0,1,0,1,1599,1695,1737,1599,1598,1202,1155,12,12,96,106,80,88,0,0,2,0,0
820,999,15077976468969025391,1948155864228869442,value,legacy,-1,1,0,0,2,202,206,202,201,202,122,136,3,2,9,13,12,8,0,0,0,0,0
821,999,13601401409630255739,10856058778250351806,legacy,value,1,0,1,0,1,48,57,40,48,47,32,23,2,0,3,6,1,1,0,0,0,0,0
821,999,13601401409630255739,10856058778250351806,value,legacy,-1,1,0,0,2,46,37,49,45,46,28,29,0,1,4,4,1,2,0,0,0,0,0
822,999,14184496465277227121,11920287902520382293,legacy,value,1,0,1,0,1,132,130,133,132,131,94,76,2,1,10,10,6,6,0,0,0,0,0
822,999,14184496465277227121,11920287902520382293,value,legacy,1,0,1,0,1,341,367,345,341,340,247,250,3,3,22,21,15,16,0,0,0,0,0
823,999,17023033273531581912,4305949638556223574,legacy,value,1,0,1,0,1,40,50,34,40,39,27,21,0,0,1,4,3,1,0,0,0,0,0
823,999,17023033273531581912,4305949638556223574,value,legacy,1,0,1,0,1,39,51,30,39,38,28,25,0,0,1,4,3,1,0,0,0,0,0
824,999,13807774529880903814,5428680725842962791,legacy,value,1,0,1,0,1,249,301,279,249,248,193,183,7,1,9,14,9,16,0,0,0,0,0
824,999,13807774529880903814,5428680725842962791,value,legacy,-1,1,0,0,2,316,353,318,315,316,213,262,5,1,16,22,19,11,0,0,0,0,0
825,999,13587815693364576189,17439542032231657859,legacy,value,-1,1,0,0,2,98,82,105,97,98,59,61,1,2,6,6,5,5,0,0,0,0,0
825,999,13587815693364576189,17439542032231657859,value,legacy,1,0,1,0,1,27,37,22,27,26,20,14,0,0,0,1,2,2,0,0,0,0,0
826,999,8588022450519430379,16205824880087372118,legacy,value,1,0,1,0,1,257,271,278,257,256,204,173,4,2,15,17,8,12,0,0,0,0,0
826,999,8588022450519430379,16205824880087372118,value,legacy,-1,1,0,0,2,177,189,189,176,177,122,138,0,1,9,10,14,9,0,0,0,0,0
827,999,4485505468436012206,5795256498831014452,legacy,value,1,0,1,0,1,34,30,20,34,33,15,10,1,0,2,2,1,2,0,0,0,0,0
827,999,4485505468436012206,5795256498831014452,value,legacy,-1,1,0,0,2,192,184,187,191,192,121,129,1,4,14,10,12,11,0,0,0,0,0
828,999,17909871689260175677,11382147184958427255,legacy,value,1,0,1,0,1,390,416,409,390,389,290,276,7,5,24,23,19,22,0,0,1,0,0
828,999,17909871689260175677,11382147184958427255,value,legacy,-1,1,0,0,2,347,368,366,346,347,237,269,1,5,16,13,25,21,0,0,0,0,0
829,999,16406939830002699959,16367420515143643137,legacy,value,-1,1,0,0,2,76,65,79,75,76,47,52,0,0,7,5,3,6,0,0,0,0,0
829,999,16406939830002699959,16367420515143643137,value,legacy,-1,1,0,0,2,70,53,67,69,70,32,39,0,1,4,4,6,4,0,0,0,0,0
830,999,6559547644839569075,8146325717185197348,legacy,value,1,0,1,0,1,1001,1059,1063,1001,1000,734,715,8,11,52,53,57,60,0,1,1,0,0
830,999,6559547644839569075,8146325717185197348,value,legacy,-1,1,0,0,2,138,122,130,137,138,85,95,3,3,8,8,7,7,0,0,0,0,0
831,999,17598542485722304614,15285867415080665358,legacy,value,-1,1,0,0,2,36,27,45,35,36,18,20,0,1,2,1,2,3,0,0,0,0,0
831,999,17598542485722304614,15285867415080665358,value,legacy,1,0,1,0,1,157,171,139,157,156,105,107,3,1,8,11,8,7,0,0,0,0,0
832,999,3980962312236188237,16429470129240787537,legacy,value,1,0,1,0,1,429,453,443,429,428,309,295,7,2,22,28,20,21,0,0,0,0,0
832,999,3980962312236188237,16429470129240787537,value,legacy,1,0,1,0,1,44,47,25,44,43,23,17,0,0,4,4,2,1,0,0,0,0,0
833,999,1946436243032734138,16191587014266813221,legacy,value,-1,1,0,0,2,42,33,48,41,42,23,27,1,1,4,2,1,3,0,0,0,0,0
833,999,1946436243032734138,16191587014266813221,value,legacy,-1,1,0,0,2,76,69,90,75,76,57,60,2,1,4,5,2,2,0,0,0,0,0
834,999,8989241649989290326,52733351223916717,legacy,value,1,0,1,0,1,275,296,288,275,274,215,201,1,4,15,11,16,20,0,0,0,0,0
834,999,8989241649989290326,52733351223916717,value,legacy,-1,1,0,0,2,34,27,35,33,34,15,21,0,0,1,2,3,2,0,0,0,0,0
835,999,10437914557348412523,2840164957991854229,legacy,value,1,0,1,0,1,97,102,86,97,96,72,66,0,0,6,5,6,4,0,0,0,0,0
835,999,10437914557348412523,2840164957991854229,value,legacy,1,0,1,0,1,201,226,221,201,200,148,141,4,2,14,11,8,13,0,0,0,0,0
836,999,12734357578915369314,2826018742255454811,legacy,value,1,0,1,0,1,21,18,8,21,20,11,3,0,0,3,3,0,0,0,0,0,0,0
836,999,12734357578915369314,2826018742255454811,value,legacy,-1,1,0,0,2,159,150,160,158,159,93,103,2,0,10,14,9,7,0,0,0,0,0
837,999,17866025943743920186,11053765900507725116,legacy,value,-1,1,0,0,2,376,349,376,375,376,261,253,3,5,23,22,21,17,0,0,0,0,0
837,999,17866025943743920186,11053765900507725116,value,legacy,1,0,1,0,1,295,326,280,295,294,200,215,2,4,13,14,23,11,0,0,0,0,0
838,999,14695950246436633200,2314890156714414877,legacy,value,1,0,1,0,1,38,40,29,38,37,23,18,0,0,3,3,1,2,0,0,0,0,0
838,999,14695950246436633200,2314890156714414877,value,legacy,1,0,1,0,1,351,368,345,351,350,239,242,8,1,13,17,26,28,0,0,0,0,0
839,999,16497073249351002567,12723482778164283551,legacy,value,1,0,1,0,1,59,70,53,59,58,42,34,2,2,4,3,3,2,0,0,1,1,0
839,999,16497073249351002567,12723482778164283551,value,legacy,1,0,1,0,1,509,517,519,509,508,379,355,6,4,29,36,26,20,0,0,1,0,0
840,999,8996509376416387537,4831494324563799758,legacy,value,1,0,1,0,1,162,172,164,162,161,125,114,3,2,10,12,5,9,0,0,1,0,0
840,999,8996509376416387537,4831494324563799758,value,legacy,1,0,1,0,1,776,852,811,776,775,571,596,11,8,36,45,49,40,0,0,0,0,0
841,999,7006485241135403066,12258031987224545675,legacy,value,1,0,1,0,1,1023,1092,1116,1023,1022,795,759,16,8,56,55,45,56,0,0,0,0,0
841,999,7006485241135403066,12258031987224545675,value,legacy,-1,1,0,0,2,472,509,502,471,472,336,360,2,6,28,27,30,20,0,0,0,0,0
842,999,12320945355054736973,13714428286651214841,legacy,value,1,0,1,0,1,63,66,55,63,62,37,29,0,0,4,3,2,4,0,0,0,0,0
842,999,12320945355054736973,13714428286651214841,value,legacy,-1,1,0,0,2,58,53,59,57,58,26,40,0,0,6,3,1,1,1,0,0,1,0
843,999,6782774918869754280,15070288703665497079,legacy,value,-1,1,0,0,2,59,57,74,58,59,38,37,0,0,4,1,4,5,0,0,0,0,0
843,999,6782774918869754280,15070288703665497079,value,legacy,-1,1,0,0,2,303,322,320,302,303,201,222,2,2,18,14,19,21,0,0,1,0,0
844,999,3319964234608394658,16935205663674779054,legacy,value,1,0,1,0,1,118,130,115,118,117,84,74,2,2,10,5,5,9,0,0,1,1,0
844,999,3319964234608394658,16935205663674779054,value,legacy,1,0,1,0,1,129,133,116,129,128,82,90,0,3,11,7,5,6,0,0,0,0,0
845,999,7982108760124248542,16799778202741370045,legacy,value,-1,1,0,0,2,269,267,298,268,269,198,192,4,1,21,18,9,14,0,0,1,0,0
845,999,7982108760124248542,16799778202741370045,value,legacy,-1,1,0,0,2,122,118,124,121,122,73,84,1,0,8,9,6,6,0,0,0,0,0
846,999,2916849966631207371,17106696657118880715,legacy,value,-1,1,0,0,2,41,30,47,40,41,23,23,0,0,3,5,1,1,0,0,0,0,0
846,999,2916849966631207371,17106696657118880715,value,legacy,-1,1,0,0,2,68,52,62,67,68,35,41,0,0,7,5,1,3,0,0,0,0,0
847,999,1898672115156975471,18204791487113518312,legacy,value,-1,1,0,0,2,63,60,75,62,63,39,47,0,0,7,5,1,3,0,0,0,0,0
847,999,1898672115156975471,18204791487113518312,value,legacy,1,0,1,0,1,322,316,287,322,321,207,219,4,3,22,16,19,21,0,0,0,0,0
848,999,10807433538841838168,18150837488278960181,legacy,value,1,0,1,0,1,25,22,12,25,24,13,5,0,0,1,1,2,2,0,0,0,0,0
848,999,10807433538841838168,18150837488278960181,value,legacy,1,0,1,0,1,59,68,55,59,58,40,37,1,1,3,2,4,4,0,0,0,0,0
849,999,10672398253581419584,17366399930106416350,legacy,value,1,0,1,0,1,489,543,553,489,488,387,360,6,2,29,33,25,24,0,0,1,0,0
849,999,10672398253581419584,17366399930106416350,value,legacy,-1,1,0,0,2,309,310,318,308,309,198,215,2,1,18,21,19,14,0,0,1,0,0
850,999,15951003039570338838,6679441182890968961,legacy,value,-1,1,0,0,2,384,400,417,383,384,262,268,5,2,19,19,21,26,0,0,0,0,0
850,999,15951003039570338838,6679441182890968961,value,legacy,-1,1,0,0,2,68,56,70,67,68,35,40,2,0,1,2,6,6,0,0,0,0,0
851,999,14689192170516402705,10600262182851852977,legacy,value,-1,1,0,0,2,367,378,398,366,367,263,259,3,5,24,22,17,24,0,0,0,0,0
851,999,14689192170516402705,10600262182851852977,value,legacy,1,0,1,0,1,379,426,390,379,378,288,305,3,5,27,19,13,17,0,0,0,0,0
852,999,3117819281193426871,11756489153860999333,legacy,value,1,0,1,0,1,434,453,470,434,433,337,303,8,7,27,24,15,24,0,0,1,0,0
852,999,3117819281193426871,11756489153860999333,value,legacy,-1,1,0,0,2,267,290,291,266,267,191,206,2,7,16,12,14,7,0,0,0,0,0
853,999,3259592798350986335,6250449890587357886,legacy,value,1,0,1,0,1,252,260,260,252,251,188,170,4,2,11,15,12,15,0,0,0,0,0
853,999,3259592798350986335,6250449890587357886,value,legacy,-1,1,0,0,2,261,262,255,260,261,165,182,2,3,13,14,19,13,0,0,0,1,0
854,999,16093357710758666010,28665844045413697,legacy,value,-1,1,0,0,2,533,568,584,532,533,409,413,9,6,22,19,31,31,0,0,0,0,0
854,999,16093357710758666010,28665844045413697,value,legacy,1,0,1,0,1,447,466,432,447,446,300,312,1,5,34,27,26,28,0,0,1,1,0
855,999,16978806915757242149,18406553537098093119,legacy,value,-1,1,0,0,2,242,236,258,241,242,166,162,1,0,12,19,17,14,0,0,0,0,0
855,999,16978806915757242149,18406553537098093119,value,legacy,1,0,1,0,1,747,802,752,747,746,526,549,10,6,45,45,45,42,1,0,0,0,0
856,999,15277044587355659315,2910879933627504961,legacy,value,1,0,1,0,1,205,222,219,205,204,156,141,1,1,12,16,11,11,0,0,0,0,0
856,999,15277044587355659315,2910879933627504961,value,legacy,1,0,1,0,1,295,315,289,295,294,207,214,2,6,20,16,18,16,0,0,0,0,0
857,999,7066312293446563320,9145569996535457791,legacy,value,1,0,1,0,1,74,75,63,74,73,52,49,1,1,4,5,4,3,0,0,0,0,0
857,999,7066312293446563320,9145569996535457791,value,legacy,1,0,1,0,1,168,206,170,168,167,118,125,2,4,8,8,13,7,0,0,0,0,0
858,999,6930014895294220633,3897374613630781873,legacy,value,-1,1,0,0,2,54,39,64,53,54,28,31,0,0,3,3,3,5,0,0,0,0,0
858,999,6930014895294220633,3897374613630781873,value,legacy,-1,1,0,0,2,65,50,65,64,65,36,47,0,0,3,6,3,2,0,0,0,0,0
859,999,10579659793325320709,3830073339040900722,legacy,value,-1,1,0,0,2,59,48,59,58,59,27,34,1,0,2,3,4,4,0,0,0,0,0
859,999,10579659793325320709,3830073339040900722,value,legacy,1,0,1,0,1,892,948,894,892,891,622,655,7,13,61,41,44,44,0,0,1,0,0
860,999,3970361244851459836,1902381637168064612,legacy,value,1,0,1,0,1,419,435,448,419,418,307,277,2,2,25,25,21,26,0,0,0,0,0
860,999,3970361244851459836,1902381637168064612,value,legacy,-1,1,0,0,2,147,140,157,146,147,91,94,0,0,12,10,9,8,0,0,0,0,0
861,999,16435493677884409716,17080957968136091466,legacy,value,1,0,1,0,1,167,178,156,167,166,105,106,1,1,13,8,8,12,0,0,1,0,0
861,999,16435493677884409716,17080957968136091466,value,legacy,-1,1,0,0,2,601,596,590,600,601,406,424,4,10,41,36,30,33,0,0,0,0,0
862,999,11009410147119836148,7930768784956847813,legacy,value,1,0,1,0,1,110,115,99,110,109,79,74,3,0,6,7,4,7,0,0,1,0,0
862,999,11009410147119836148,7930768784956847813,value,legacy,-1,1,0,0,2,116,116,118,115,116,79,89,0,0,8,8,7,5,0,0,0,0,0
863,999,737370883998085633,14548880792215678208,legacy,value,1,0,1,0,1,550,592,582,550,549,411,409,4,3,36,36,24,23,0,0,0,0,0
863,999,737370883998085633,14548880792215678208,value,legacy,-1,1,0,0,2,468,484,473,467,468,315,341,3,3,32,35,26,22,0,0,0,1,0
864,999,5076401667474148898,6303541638711144523,legacy,value,1,0,1,0,1,195,203,204,195,194,147,130,3,0,9,11,9,15,0,0,0,2,0
864,999,5076401667474148898,6303541638711144523,value,legacy,1,0,1,0,1,209,241,206,209,208,140,159,2,4,11,7,14,12,0,0,0,0,0
865,999,4154311330555169477,9176323507943902236,legacy,value,1,0,1,0,1,201,208,197,201,200,144,137,1,2,11,12,9,9,0,0,1,0,0
865,999,4154311330555169477,9176323507943902236,value,legacy,-1,1,0,0,2,608,685,642,607,608,425,482,3,7,31,30,37,26,0,0,1,0,0
866,999,11631999072520021191,3934343564891699631,legacy,value,1,0,1,0,1,52,49,42,52,51,30,24,1,1,2,3,2,3,0,0,0,0,0
866,999,11631999072520021191,3934343564891699631,value,legacy,1,0,1,0,1,813,880,806,813,812,563,609,5,13,49,38,47,36,0,0,0,0,0
867,999,18278671373686126046,9817164103153674135,legacy,value,1,0,1,0,1,332,328,320,332,331,227,220,7,5,23,17,13,20,0,0,0,0,0
867,999,18278671373686126046,9817164103153674135,value,legacy,1,0,1,0,1,380,427,387,380,379,256,274,1,0,21,25,24,24,0,0,1,0,0
868,999,13303034081189675887,11185397388673355864,legacy,value,1,0,1,0,1,173,184,174,173,172,128,117,3,1,8,11,10,9,0,0,1,0,0
868,999,13303034081189675887,11185397388673355864,value,legacy,1,0,1,0,1,212,258,220,212,211,166,179,1,3,17,12,11,5,0,0,0,0,0
869,999,16680783310750799241,17958177589811223912,legacy,value,1,0,1,0,1,54,56,43,54,53,37,22,1,1,5,3,1,3,0,0,0,0,0
869,999,16680783310750799241,17958177589811223912,value,legacy,-1,1,0,0,2,743,797,762,742,743,509,558,7,4,48,49,41,29,0,0,1,0,0
870,999,9497208975761392322,17008068978661126974,legacy,value,1,0,1,0,1,27,35,20,27,26,21,10,1,0,1,2,1,2,0,0,0,0,0
870,999,9497208975761392322,17008068978661126974,value,legacy,-1,1,0,0,2,359,374,364,358,359,244,271,3,2,25,18,17,18,0,0,0,0,0
871,999,17380518166646758612,7982521365442118375,legacy,value,-1,1,0,0,2,156,143,170,155,156,99,97,0,0,10,13,8,6,0,1,0,0,0
871,999,17380518166646758612,7982521365442118375,value,legacy,1,0,1,0,1,199,220,189,199,198,145,148,2,2,11,9,12,13,0,0,0,0,0
872,999,1024424941128665724,1663281543274958969,legacy,value,1,0,1,0,1,879,947,984,879,878,682,630,10,6,62,49,32,57,0,0,1,1,0
872,999,1024424941128665724,1663281543274958969,value,legacy,-1,1,0,0,2,89,87,99,88,89,59,68,1,2,5,5,3,6,0,0,0,0,0
873,999,11559264079360327402,17050696440921426071,legacy,value,1,0,1,0,1,95,90,92,95,94,68,52,0,1,2,6,3,5,0,0,1,0,0
873,999,11559264079360327402,17050696440921426071,value,legacy,1,0,1,0,1,266,291,266,266,265,184,184,1,5,16,15,16,13,0,0,0,0,0
874,999,12386744767254785847,17580691607521971014,legacy,value,-1,1,0,0,2,262,279,293,261,262,194,199,4,1,13,20,10,12,0,0,0,0,0
874,999,12386744767254785847,17580691607521971014,value,legacy,1,0,1,0,1,388,432,410,388,387,284,285,0,6,28,25,17,15,0,0,2,0,0
875,999,16595738869946084656,10641988464699462649,legacy,value,1,0,1,0,1,133,157,142,133,132,94,89,1,1,6,6,9,10,0,0,0,0,0
875,999,16595738869946084656,10641988464699462649,value,legacy,-1,1,0,0,2,192,191,195,191,192,127,141,2,1,11,10,12,12,0,1,0,0,0
876,999,7589186390783755018,12411336678188052523,legacy,value,1,0,1,0,1,1075,1165,1182,1075,1074,819,786,11,10,67,62,54,66,0,0,0,2,0
876,999,7589186390783755018,12411336678188052523,value,legacy,1,0,1,0,1,82,97,76,82,81,48,52,1,0,5,5,5,4,0,0,0,0,0
877,999,16166234273196006678,18368529100238089366,legacy,value,1,0,1,0,1,46,54,36,46,45,23,21,0,1,3,2,3,3,0,0,0,1,0
877,999,16166234273196006678,18368529100238089366,value,legacy,1,0,1,0,1,158,196,165,158,157,113,123,1,2,7,6,10,10,0,0,1,1,0
878,999,15979679799052679210,15055982545539257486,legacy,value,-1,1,0,0,2,123,115,138,122,123,87,88,0,1,8,9,5,7,0,0,0,0,0
878,999,15979679799052679210,15055982545539257486,value,legacy,-1,1,0,0,2,277,311,315,276,277,209,226,2,2,16,16,15,13,0,0,0,0,0
879,999,253661375044388323,139225788242911218,legacy,value,-1,1,0,0,2,94,94,100,93,94,62,70,0,1,10,6,2,5,0,0,0,0,0
879,999,253661375044388323,139225788242911218,value,legacy,1,0,1,0,1,91,92,76,91,90,59,54,2,1,4,3,7,6,0,0,0,0,0
880,999,1499205901556022861,5171633005141759544,legacy,value,-1,1,0,0,2,84,75,91,83,84,50,52,0,1,3,5,7,5,0,0,0,0,0
880,999,1499205901556022861,5171633005141759544,value,legacy,1,0,1,0,1,230,248,231,230,229,158,158,2,3,15,13,11,13,0,0,0,0,0
881,999,13509053398655923032,677869973463244112,legacy,value,-1,1,0,0,2,158,146,176,157,158,119,105,2,2,7,9,7,6,0,0,0,0,0
881,999,13509053398655923032,677869973463244112,value,legacy,-1,1,0,0,2,95,99,99,94,95,56,68,1,0,4,7,7,5,0,0,0,0,0
882,999,5511797589277086793,6389556954639192954,legacy,value,1,0,1,0,1,175,189,182,175,174,127,118,1,1,11,14,11,10,0,0,0,0,0
882,999,5511797589277086793,6389556954639192954,value,legacy,-1,1,0,0,2,403,439,444,402,403,286,299,6,5,25,22,22,25,0,0,1,1,0
883,999,7654903352920372021,1323479699176996156,legacy,value,-1,1,0,0,2,39,26,39,38,39,16,21,1,0,2,2,2,3,0,0,0,0,0
883,999,7654903352920372021,1323479699176996156,value,legacy,-1,1,0,0,2,107,108,119,106,107,70,79,2,0,6,8,6,4,0,0,1,0,0
884,999,2403104729139915390,3454980702709537346,legacy,value,1,0,1,0,1,66,74,52,66,65,45,46,0,1,2,4,6,2,0,0,0,0,0
884,999,2403104729139915390,3454980702709537346,value,legacy,-1,1,0,0,2,251,255,241,250,251,159,183,2,1,19,11,11,13,0,0,0,1,0
885,999,5301807380225347661,13483775515591250629,legacy,value,-1,1,0,0,2,189,213,252,188,189,153,134,2,0,12,14,6,11,0,0,0,1,0
885,999,5301807380225347661,13483775515591250629,value,legacy,-1,1,0,0,2,452,485,466,451,452,321,349,2,4,30,18,23,23,0,1,0,0,0
886,999,2305510988557842865,5152493230273147290,legacy,value,-1,1,0,0,2,50,45,51,49,50,24,31,0,1,6,3,1,3,0,0,1,0,0
886,999,2305510988557842865,5152493230273147290,value,legacy,1,0,1,0,1,251,278,250,251,250,172,172,3,5,14,14,15,13,0,0,0,0,0
887,999,17252193848165857127,2837872626845083612,legacy,value,1,0,1,0,1,320,321,328,320,319,235,213,3,0,22,16,15,21,0,0,0,1,0
887,999,17252193848165857127,2837872626845083612,value,legacy,-1,1,0,0,2,112,104,110,111,112,64,73,1,1,4,5,10,8,0,0,0,0,0
888,999,3973825101892259306,3087441577623405935,legacy,value,1,0,1,0,1,292,304,293,292,291,207,202,2,4,17,16,18,16,0,0,0,1,0
888,999,3973825101892259306,3087441577623405935,value,legacy,1,0,1,0,1,662,696,653,662,661,461,480,5,9,40,45,41,26,0,0,0,0,0
889,999,4792706317444416719,16424609430426262227,legacy,value,1,0,1,0,1,28,23,12,28,27,15,5,0,0,2,1,2,2,0,0,0,0,0
889,999,4792706317444416719,16424609430426262227,value,legacy,-1,1,0,0,2,313,309,307,312,313,201,222,1,0,19,18,17,19,0,0,0,0,0
890,999,14937455252789217764,15345381774297080260,legacy,value,-1,1,0,0,2,239,210,226,238,239,163,164,4,5,17,16,5,9,0,0,0,0,0
890,999,14937455252789217764,15345381774297080260,value,legacy,-1,1,0,0,2,448,476,462,447,448,308,340,7,6,26,23,23,22,0,0,0,0,0
891,999,12870027640800891919,11439059770540130646,legacy,value,-1,1,0,0,2,568,585,620,567,568,425,415,11,4,31,33,27,32,0,0,0,1,0
891,999,12870027640800891919,11439059770540130646,value,legacy,-1,1,0,0,2,555,592,584,554,555,394,419,5,3,38,33,28,26,0,0,1,0,0
892,999,12851047165980853397,3684628329798572694,legacy,value,1,0,1,0,1,61,63,45,61,60,35,29,1,0,2,2,5,4,0,0,0,0,0
892,999,12851047165980853397,3684628329798572694,value,legacy,-1,1,0,0,2,382,393,383,381,382,255,284,5,5,24,17,19,20,0,1,0,0,0
893,999,15057931501744900788,10469266025730959082,legacy,value,-1,1,0,0,2,36,19,34,35,36,16,17,1,0,2,2,1,2,0,0,0,1,0
893,999,15057931501744900788,10469266025730959082,value,legacy,-1,1,0,0,2,131,119,139,130,131,86,82,1,2,7,9,6,7,0,0,0,0,0
894,999,11213027201777624050,15140192712666160347,legacy,value,1,0,1,0,1,498,515,539,498,497,372,335,7,3,31,28,23,33,0,0,0,1,0
894,999,11213027201777624050,15140192712666160347,value,legacy,-1,1,0,0,2,332,345,327,331,332,203,228,1,2,20,16,21,17,0,0,0,0,0
895,999,9493934785937152484,4710491519200278846,legacy,value,1,0,1,0,1,107,120,100,107,106,68,61,1,1,8,3,3,9,0,0,0,0,0
895,999,9493934785937152484,4710491519200278846,value,legacy,1,0,1,0,1,332,340,342,332,331,246,229,2,1,23,27,17,17,0,0,0,0,0
896,999,11511720119330223120,14993166707770006306,legacy,value,-1,1,0,0,2,37,24,40,36,37,15,19,0,0,1,2,3,2,0,0,0,0,0
896,999,11511720119330223120,14993166707770006306,value,legacy,-1,1,0,0,2,565,611,612,564,565,413,427,6,4,30,35,38,30,0,0,0,1,0
897,999,1709977371755753253,1535360315095216950,legacy,value,1,0,1,0,1,299,341,312,299,298,212,211,1,4,16,19,20,11,0,0,0,0,0
897,999,1709977371755753253,1535360315095216950,value,legacy,1,0,1,0,1,918,1021,958,918,917,661,698,15,8,63,57,36,32,1,0,1,0,0
898,999,10125970359173863143,11517889347305365870,legacy,value,-1,1,0,0,2,96,78,99,95,96,60,62,3,0,6,8,4,5,0,0,0,0,0
898,999,10125970359173863143,11517889347305365870,value,legacy,1,0,1,0,1,130,139,124,130,129,88,78,1,2,9,6,7,8,1,0,0,0,0
899,999,16022481608568310862,1929161441609983009,legacy,value,1,0,1,0,1,242,257,251,242,241,178,161,3,4,17,12,11,17,0,0,0,0,0
899,999,16022481608568310862,1929161441609983009,value,legacy,-1,1,0,0,2,434,449,435,433,434,291,320,6,4,39,27,14,16,0,0,1,0,0
900,999,11891569636452572799,17302890546829396958,legacy,value,1,0,1,0,1,110,135,114,110,109,74,73,1,1,6,5,6,6,0,0,0,0,0
900,999,11891569636452572799,17302890546829396958,value,legacy,1,0,1,0,1,108,113,96,108,107,73,71,0,1,8,6,5,5,0,0,0,0,0
901,999,16246119186274756988,4357963706984077406,legacy,value,1,0,1,0,1,137,132,124,137,136,90,81,3,1,8,10,8,6,0,0,0,0,0
901,999,16246119186274756988,4357963706984077406,value,legacy,-1,1,0,0,2,549,610,597,548,549,387,425,6,8,29,31,30,23,0,0,1,0,0
902,999,9123136875414190978,12284661847700846412,legacy,value,1,0,1,0,1,77,79,83,77,76,60,42,0,0,6,5,2,6,0,0,0,0,0
902,999,9123136875414190978,12284661847700846412,value,legacy,-1,1,0,0,2,356,397,409,355,356,259,268,2,6,24,22,19,11,0,0,0,0,0
903,999,6415396087189740031,14686078279355244862,legacy,value,-1,1,0,0,2,222,235,257,221,222,158,165,1,2,10,15,17,13,0,0,0,0,0
903,999,6415396087189740031,14686078279355244862,value,legacy,-1,1,0,0,2,107,106,114,106,107,64,76,0,2,7,6,8,5,0,0,0,0,0
904,999,3149513445711884530,654424597254731128,legacy,value,1,0,1,0,1,219,213,205,219,218,145,140,0,3,16,21,11,5,0,0,0,0,0
904,999,3149513445711884530,654424597254731128,value,legacy,-1,1,0,0,2,61,57,68,60,61,32,43,2,0,4,4,2,4,0,0,1,0,0
905,999,18264397141046524699,9546750521111241146,legacy,value,1,0,1,0,1,139,156,140,139,138,106,97,2,2,8,4,6,12,0,0,0,0,0
905,999,18264397141046524699,9546750521111241146,value,legacy,1,0,1,0,1,208,241,225,208,207,153,151,0,5,16,11,10,8,0,0,0,0,0
906,999,8371808649129137320,17754232275082723334,legacy,value,-1,1,0,0,2,1307,1351,1429,1306,1307,995,948,12,12,74,83,59,69,0,0,1,1,0
906,999,8371808649129137320,17754232275082723334,value,legacy,-1,1,0,0,2,212,212,211,211,212,127,149,0,2,19,8,9,15,0,0,1,0,0
907,999,16444774594861288965,11837610257865604578,legacy,value,-1,1,0,0,2,184,161,182,183,184,127,126,3,1,14,14,5,10,0,0,0,0,0
907,999,16444774594861288965,11837610257865604578,value,legacy,-1,1,0,0,2,117,113,119,116,117,76,88,0,2,10,7,6,7,0,0,0,0,0
908,999,18413827516043430088,938862816131121385,legacy,value,1,0,1,0,1,60,71,57,60,59,43,32,0,0,4,3,4,5,0,0,0,0,0
908,999,18413827516043430088,938862816131121385,value,legacy,-1,1,0,0,2,467,484,453,466,467,311,354,4,6,23,24,30,23,0,1,0,0,0
909,999,13885154589968508808,15747736765418285081,legacy,value,1,0,1,0,1,183,191,190,183,182,141,125,4,3,11,10,9,10,0,0,0,0,0
909,999,13885154589968508808,15747736765418285081,value,legacy,-1,1,0,0,2,572,600,606,571,572,418,436,4,6,39,34,27,28,0,0,0,0,0
910,999,9394570408152521506,1869764875326106292,legacy,value,-1,1,0,0,2,35,23,40,34,35,15,21,1,0,1,3,2,1,0,0,0,0,0
910,999,9394570408152521506,1869764875326106292,value,legacy,1,0,1,0,1,460,517,493,460,459,335,346,3,6,29,24,26,24,0,0,1,0,0
911,999,1116822333995983313,12454334972219137395,legacy,value,1,0,1,0,1,50,54,39,50,49,32,26,1,1,5,3,1,2,0,0,0,0,0
911,999,1116822333995983313,12454334972219137395,value,legacy,1,0,1,0,1,548,614,559,548,547,375,400,4,6,28,31,36,27,0,0,0,0,0
912,999,14836524512988627097,17834016221846942763,legacy,value,1,0,1,0,1,106,119,99,106,105,67,67,3,1,4,5,5,6,0,0,0,0,0
912,999,14836524512988627097,17834016221846942763,value,legacy,1,0,1,0,1,51,61,50,51,50,38,31,0,0,5,3,1,4,0,0,0,0,0
913,999,10008478054334763573,17179790983111899701,legacy,value,-1,1,0,0,2,54,44,65,53,54,28,35,1,0,3,4,3,1,0,0,0,0,0
913,999,10008478054334763573,17179790983111899701,value,legacy,1,0,1,0,1,67,87,67,67,66,50,49,0,1,4,1,3,4,0,0,0,0,0
914,999,6864577172700725390,12257475288032834124,legacy,value,1,0,1,0,1,426,466,466,426,425,318,303,5,5,20,21,28,30,0,0,0,0,0
914,999,6864577172700725390,12257475288032834124,value,legacy,1,0,1,0,1,111,119,109,111,110,79,73,2,0,4,8,8,6,0,0,0,0,0
915,999,16366254033365215460,11980641539911320409,legacy,value,-1,1,0,0,2,481,476,510,480,481,359,348,8,6,25,22,27,34,0,0,0,0,0
915,999,16366254033365215460,11980641539911320409,value,legacy,-1,1,0,0,2,101,105,100,100,101,60,76,0,1,6,7,8,4,0,0,0,0,0
916,999,13463488684950501616,8137924605863079585,legacy,value,1,0,1,0,1,584,639,644,584,583,437,417,4,6,36,35,23,33,0,0,0,0,0
916,999,13463488684950501616,8137924605863079585,value,legacy,1,0,1,0,1,356,354,322,356,355,230,243,3,5,23,18,18,23,0,0,1,0,0
917,999,7453606738134783909,12646263564263268339,legacy,value,1,0,1,0,1,322,356,350,322,321,250,240,8,1,19,20,11,21,0,0,0,0,0
917,999,7453606738134783909,12646263564263268339,value,legacy,1,0,1,0,1,280,333,286,280,279,200,220,3,7,20,16,13,11,0,0,1,0,0
918,999,9675707876949621351,12159325539750998048,legacy,value,1,0,1,0,1,66,77,67,66,65,50,46,0,1,5,5,4,0,0,0,0,1,0
918,999,9675707876949621351,12159325539750998048,value,legacy,1,0,1,0,1,825,892,844,825,824,584,607,5,13,48,46,50,39,0,0,0,1,0
919,999,3980653287842774402,1680836410124749572,legacy,value,1,0,1,0,1,190,190,199,190,189,141,120,2,2,14,9,8,11,0,0,0,1,0
919,999,3980653287842774402,1680836410124749572,value,legacy,1,0,1,0,1,135,135,114,135,134,85,89,1,3,7,7,9,8,0,0,0,0,0
920,999,7302021235188961213,7176626064061249046,legacy,value,1,0,1,0,1,281,277,267,281,280,194,185,5,2,12,11,20,22,0,0,0,0,0
920,999,7302021235188961213,7176626064061249046,value,legacy,-1,1,0,0,2,285,309,290,284,285,188,216,2,1,18,13,14,16,0,0,0,0,0
921,999,18144979807182602764,10050610268049072227,legacy,value,1,0,1,0,1,274,299,285,274,273,199,196,5,1,11,18,15,16,0,0,0,0,0
921,999,18144979807182602764,10050610268049072227,value,legacy,-1,1,0,0,2,476,540,520,475,476,335,367,7,4,19,25,36,26,0,0,1,0,0
922,999,15950964743642743546,8038527430654667551,legacy,value,-1,1,0,0,2,30,24,36,29,30,14,22,1,0,2,2,1,1,0,0,1,0,0
922,999,15950964743642743546,8038527430654667551,value,legacy,1,0,1,0,1,110,111,96,110,109,68,71,0,3,5,8,10,3,0,0,0,0,0
923,999,4398954334963591230,12837234930932123909,legacy,value,1,0,1,0,1,115,135,115,115,114,83,84,1,3,5,3,7,7,0,0,0,0,0
923,999,4398954334963591230,12837234930932123909,value,legacy,1,0,1,0,1,243,272,248,243,242,178,184,0,6,13,11,13,10,0,0,0,0,0
924,999,11107265154372293569,9784347530183849445,legacy,value,-1,1,0,0,2,58,47,63,57,58,34,38,1,0,4,2,2,5,0,0,0,0,0
924,999,11107265154372293569,9784347530183849445,value,legacy,-1,1,0,0,2,80,90,89,79,80,47,62,0,1,7,3,3,5,0,0,0,0,0
925,999,10323996339865259436,16039600281458384077,legacy,value,-1,1,0,0,2,530,532,583,529,530,399,372,4,7,33,29,25,35,0,0,0,1,0
925,999,10323996339865259436,16039600281458384077,value,legacy,1,0,1,0,1,357,409,380,357,356,264,264,5,4,23,11,17,26,0,0,0,0,0
926,999,134450540964395988,17727429521149176254,legacy,value,1,0,1,0,1,72,84,76,72,71,55,50,1,0,3,7,4,3,0,0,0,1,0
926,999,134450540964395988,17727429521149176254,value,legacy,1,0,1,0,1,96,107,86,96,95,63,59,0,2,7,5,4,5,0,0,0,0,0
927,999,4108141262987266175,5827282799732891052,legacy,value,1,0,1,0,1,261,266,257,261,260,180,165,1,1,17,17,15,18,0,0,0,1,0
927,999,4108141262987266175,5827282799732891052,value,legacy,-1,1,0,0,2,117,120,129,116,117,67,87,0,2,12,5,4,5,0,0,0,0,0
928,999,3629252698890099835,14357239093860027194,legacy,value,1,0,1,0,1,225,223,220,225,224,160,148,3,2,11,14,10,13,0,0,0,0,0
928,999,3629252698890099835,14357239093860027194,value,legacy,-1,1,0,0,2,143,147,159,142,143,99,108,1,1,10,7,7,7,0,0,0,0,0
929,999,6827629076470495755,7202153044436089171,legacy,value,1,0,1,0,1,288,322,305,288,287,216,220,0,5,12,16,21,10,0,0,1,0,0
929,999,6827629076470495755,7202153044436089171,value,legacy,-1,1,0,0,2,222,247,256,221,222,152,163,3,1,9,9,15,14,0,0,0,0,0
930,999,6048723500440896450,11237373708949207138,legacy,value,1,0,1,0,1,75,68,60,75,74,48,36,0,1,5,4,5,4,0,0,0,0,0
930,999,6048723500440896450,11237373708949207138,value,legacy,1,0,1,0,1,232,250,238,232,231,161,153,4,4,12,11,12,14,0,0,0,0,0
931,999,7579824354532237451,3692573504901367562,legacy,value,1,0,1,0,1,237,252,239,237,236,178,171,2,2,14,13,15,13,0,0,0,0,0
931,999,7579824354532237451,3692573504901367562,value,legacy,1,0,1,0,1,52,59,47,52,51,32,35,0,2,1,2,5,3,0,0,0,0,0
932,999,7926822068296039799,11128339555841899838,legacy,value,-1,1,0,0,2,71,57,78,70,71,39,44,2,1,4,4,3,3,0,0,0,0,0
932,999,7926822068296039799,11128339555841899838,value,legacy,1,0,1,0,1,161,172,151,161,160,111,100,1,2,13,11,7,6,0,0,0,0,0
933,999,5491082163314340123,1023410311633700350,legacy,value,1,0,1,0,1,109,124,113,109,108,76,70,3,2,3,9,6,2,1,0,0,0,0
933,999,5491082163314340123,1023410311633700350,value,legacy,-1,1,0,0,2,1223,1297,1238,1222,1223,830,902,12,17,69,64,79,62,0,0,0,0,0
934,999,1521576871726696865,9473965208741801044,legacy,value,1,0,1,0,1,300,339,342,300,299,245,220,3,4,19,18,15,13,0,0,0,1,0
934,999,1521576871726696865,9473965208741801044,value,legacy,1,0,1,0,1,299,316,294,299,298,213,214,4,4,19,20,15,13,0,0,0,0,0
935,999,3164516489723217399,5251178369786665271,legacy,value,-1,1,0,0,2,175,162,171,174,175,118,124,1,1,12,11,6,9,0,0,0,0,0
935,999,3164516489723217399,5251178369786665271,value,legacy,-1,1,0,0,2,209,215,215,208,209,136,152,2,1,16,15,10,11,0,0,0,0,0
936,999,8080216694040656097,1517945588934757566,legacy,value,1,0,1,0,1,109,128,117,109,108,81,66,1,0,4,7,7,8,0,0,0,2,0
936,999,8080216694040656097,1517945588934757566,value,legacy,1,0,1,0,1,318,354,336,318,317,220,221,1,2,21,22,20,17,0,0,0,1,0
937,999,996698352554391389,10833806800262357445,legacy,value,1,0,1,0,1,122,129,117,122,121,81,73,1,0,12,6,4,9,0,0,0,0,0
937,999,996698352554391389,10833806800262357445,value,legacy,-1,1,0,0,2,281,290,315,280,281,193,193,5,2,17,14,15,19,0,0,0,0,0
938,999,6109910832003204962,6739563071207474167,legacy,value,1,0,1,0,1,214,214,221,214,213,161,140,1,1,13,13,11,15,0,0,0,1,0
938,999,6109910832003204962,6739563071207474167,value,legacy,-1,1,0,0,2,207,205,220,206,207,136,145,0,3,15,10,11,12,0,0,0,0,0
939,999,10581526571593045309,13557581741430290474,legacy,value,1,0,1,0,1,93,104,93,93,92,58,52,1,0,6,7,4,6,0,0,0,2,0
939,999,10581526571593045309,13557581741430290474,value,legacy,1,0,1,0,1,86,103,78,86,85,53,46,1,0,4,9,4,3,0,0,0,0,0
940,999,12143375387636565143,4997368052117969855,legacy,value,-1,1,0,0,2,302,299,330,301,302,232,221,3,3,23,20,13,16,0,0,0,0,0
940,999,12143375387636565143,4997368052117969855,value,legacy,1,0,1,0,1,171,179,167,171,170,124,117,1,2,13,8,9,11,0,0,0,0,0
941,999,2073665389332927566,17605743474592424564,legacy,value,-1,1,0,0,2,846,866,941,845,846,633,586,10,9,56,60,33,39,0,0,0,1,0
941,999,2073665389332927566,17605743474592424564,value,legacy,1,0,1,0,1,104,107,84,104,103,56,56,0,1,5,6,9,7,0,0,0,0,0
942,999,2774867169990129985,15957621277987694653,legacy,value,-1,1,0,0,2,559,574,619,558,559,419,404,6,1,34,36,30,33,0,0,0,0,0
942,999,2774867169990129985,15957621277987694653,value,legacy,1,0,1,0,1,111,130,101,111,110,75,78,0,2,4,8,7,3,0,0,0,0,0
943,999,31225003960552171,6907276477693289722,legacy,value,1,0,1,0,1,415,430,435,415,414,311,290,4,4,26,24,17,26,0,0,0,1,0
943,999,31225003960552171,6907276477693289722,value,legacy,-1,1,0,0,2,149,156,165,148,149,104,109,3,3,8,5,8,6,0,0,0,0,0
944,999,6799494273983328742,7808788456352726890,legacy,value,-1,1,0,0,2,131,120,136,130,131,83,88,0,2,11,10,6,5,0,0,0,0,0
944,999,6799494273983328742,7808788456352726890,value,legacy,1,0,1,0,1,109,99,91,109,108,71,64,1,3,9,7,4,5,0,0,0,0,0
945,999,17120390293036515604,5609061002032576906,legacy,value,-1,1,0,0,2,128,124,138,127,128,87,95,0,2,10,5,6,9,0,0,0,0,0
945,999,17120390293036515604,5609061002032576906,value,legacy,1,0,1,0,1,322,361,345,322,321,236,230,2,0,24,19,14,18,0,0,1,0,0
946,999,329411325166038926,4903713948588290466,legacy,value,1,0,1,0,1,221,229,225,221,220,158,144,2,0,12,13,15,11,0,0,0,0,0
946,999,329411325166038926,4903713948588290466,value,legacy,-1,1,0,0,2,23,10,23,22,23,6,13,1,0,1,3,1,0,0,0,0,0,0
947,999,16619950894102867427,17915717794001638159,legacy,value,-1,1,0,0,2,344,338,354,343,344,251,253,5,1,23,20,14,20,0,0,0,0,0
947,999,16619950894102867427,17915717794001638159,value,legacy,-1,1,0,0,2,628,697,667,627,628,448,497,6,4,32,36,38,32,0,1,0,0,0
948,999,12837051082092407384,18025215947849941286,legacy,value,-1,1,0,0,2,197,188,219,196,197,141,134,3,2,9,5,13,17,0,0,0,0,0
948,999,12837051082092407384,18025215947849941286,value,legacy,1,0,1,0,1,736,817,749,736,735,525,565,11,8,37,36,46,34,0,0,2,1,0
949,999,15178365961217955220,12320802779977370327,legacy,value,1,0,1,0,1,392,430,407,392,391,284,285,2,4,32,25,18,22,0,0,1,0,0
949,999,15178365961217955220,12320802779977370327,value,legacy,-1,1,0,0,2,68,70,76,67,68,38,52,0,0,2,3,7,5,0,0,0,0,0
950,999,3680745248178304164,845738833870251682,legacy,value,-1,1,0,0,2,138,135,162,137,138,101,96,2,3,10,7,3,7,0,0,0,0,0
950,999,3680745248178304164,845738833870251682,value,legacy,-1,1,0,0,2,435,443,439,434,435,307,326,3,5,22,25,27,21,0,0,0,0,0
951,999,12252405945059838836,8051177808325685858,legacy,value,1,0,1,0,1,63,59,46,63,62,32,27,0,0,4,2,5,6,0,0,0,0,0
951,999,12252405945059838836,8051177808325685858,value,legacy,1,0,1,0,1,93,84,72,93,92,48,41,2,1,0,4,12,8,0,0,0,0,0
952,999,469719306986787764,3438912528320373050,legacy,value,-1,1,0,0,2,159,146,177,158,159,107,99,2,2,10,12,4,8,0,0,0,0,0
952,999,469719306986787764,3438912528320373050,value,legacy,-1,1,0,0,2,35,23,33,34,35,11,17,0,0,3,1,2,4,0,0,0,0,0
953,999,15707451755684047902,15400439208727557807,legacy,value,1,0,1,0,1,149,160,133,149,148,97,103,0,0,4,7,14,8,0,0,0,0,0
953,999,15707451755684047902,15400439208727557807,value,legacy,-1,1,0,0,2,123,125,142,122,123,82,82,2,0,7,9,5,8,0,0,0,0,0
954,999,18110780904469389933,11884939552110007300,legacy,value,1,0,1,0,1,404,409,405,404,403,290,275,3,3,25,24,19,28,0,0,1,0,0
954,999,18110780904469389933,11884939552110007300,value,legacy,1,0,1,0,1,30,37,22,30,29,19,15,0,0,1,2,1,2,0,0,0,0,0
955,999,16268545671983036540,8509372053726524895,legacy,value,1,0,1,0,1,58,53,40,58,57,34,26,0,1,3,2,4,4,0,0,0,0,0
955,999,16268545671983036540,8509372053726524895,value,legacy,1,0,1,0,1,92,108,90,92,91,67,63,1,1,6,5,5,6,0,0,0,0,0
956,999,2134727202165812086,2067207865692844899,legacy,value,1,0,1,0,1,200,202,198,200,199,131,124,0,4,13,9,12,12,0,0,1,0,0
956,999,2134727202165812086,2067207865692844899,value,legacy,1,0,1,0,1,379,417,408,379,378,259,244,6,3,30,23,12,20,0,0,0,0,0
957,999,2792367650933632653,5531718667364120471,legacy,value,-1,1,0,0,2,392,421,440,391,392,299,300,5,1,19,17,18,28,0,0,1,0,0
957,999,2792367650933632653,5531718667364120471,value,legacy,1,0,1,0,1,301,339,310,301,300,213,221,1,4,20,13,16,18,0,0,0,0,0
958,999,15170463364448815802,18224084865208527638,legacy,value,1,0,1,0,1,248,288,269,248,247,186,187,0,2,15,15,15,15,0,0,0,0,0
958,999,15170463364448815802,18224084865208527638,value,legacy,1,0,1,0,1,305,331,312,305,304,209,206,2,7,20,14,19,17,0,0,2,0,0
959,999,2550090046564086059,14175138164913510028,legacy,value,1,0,1,0,1,373,396,398,373,372,299,279,3,2,17,24,15,15,0,0,0,0,0
959,999,2550090046564086059,14175138164913510028,value,legacy,-1,1,0,0,2,228,232,231,227,228,155,173,1,4,18,13,9,9,0,0,0,0,0
960,999,15389537315928183893,16119446225980279790,legacy,value,1,0,1,0,1,35,50,29,35,34,24,17,0,0,3,0,2,5,0,0,0,0,0
960,999,15389537315928183893,16119446225980279790,value,legacy,1,0,1,0,1,104,129,107,104,103,78,77,1,2,9,6,4,3,0,0,0,0,0
961,999,17704350588706723298,1654000437510420260,legacy,value,-1,1,0,0,2,203,185,210,202,203,134,126,0,3,14,13,9,11,0,0,0,0,0
961,999,17704350588706723298,1654000437510420260,value,legacy,-1,1,0,0,2,39,30,41,38,39,17,25,0,0,5,4,0,1,0,0,0,0,0
962,999,17242903062533632121,11798638465138985658,legacy,value,1,0,1,0,1,27,27,13,27,26,14,9,0,0,3,3,0,0,0,0,0,0,0
962,999,17242903062533632121,11798638465138985658,value,legacy,-1,1,0,0,2,74,72,73,73,74,38,50,0,0,4,5,4,4,0,0,0,0,0
963,999,16107010064305706475,11058485897454243318,legacy,value,1,0,1,0,1,935,971,966,935,934,670,658,12,9,54,60,56,50,0,0,0,3,0
963,999,16107010064305706475,11058485897454243318,value,legacy,-1,1,0,0,2,359,359,368,358,359,252,267,2,2,17,18,27,23,0,0,0,0,0
964,999,16614759079847001541,9556238147266667115,legacy,value,1,0,1,0,1,51,50,45,51,50,36,26,2,0,2,4,3,3,0,0,0,0,0
964,999,16614759079847001541,9556238147266667115,value,legacy,-1,1,0,0,2,152,149,162,151,152,99,106,1,1,11,11,6,7,0,0,0,0,0
965,999,14767270214279337531,12585034377266355632,legacy,value,1,0,1,0,1,426,477,470,426,425,314,306,3,5,28,26,18,22,0,0,0,1,0
965,999,14767270214279337531,12585034377266355632,value,legacy,-1,1,0,0,2,599,649,630,598,599,427,464,4,4,32,31,38,36,1,0,0,0,0
966,999,13849622416934988380,12611654495953609691,legacy,value,1,0,1,0,1,46,49,33,46,45,32,28,0,0,1,2,3,2,0,0,0,0,0
966,999,13849622416934988380,12611654495953609691,value,legacy,-1,1,0,0,2,18,7,17,17,18,3,9,0,0,1,1,1,2,0,0,0,0,0
967,999,16211087868517392644,5925358313508971029,legacy,value,1,0,1,0,1,132,130,116,132,131,82,75,1,1,6,8,11,10,0,0,0,0,0
967,999,16211087868517392644,5925358313508971029,value,legacy,1,0,1,0,1,154,166,142,154,153,110,107,0,1,9,8,8,8,0,0,1,0,0
968,999,7846435513977533385,10323448763032823097,legacy,value,-1,1,0,0,2,38,22,38,37,38,16,22,0,0,2,3,2,2,0,0,0,0,0
968,999,7846435513977533385,10323448763032823097,value,legacy,-1,1,0,0,2,82,75,85,81,82,48,54,1,0,5,8,4,2,0,0,0,0,0
969,999,14539445320208585952,2898096360277151706,legacy,value,-1,1,0,0,2,71,70,83,70,71,45,54,0,0,4,4,4,5,0,0,0,0,0
969,999,14539445320208585952,2898096360277151706,value,legacy,1,0,1,0,1,1003,1082,1028,1003,1002,710,732,11,12,53,51,64,65,0,0,0,1,0
970,999,13937533639567729135,10832042300417038007,legacy,value,-1,1,0,0,2,146,141,161,145,146,97,98,2,2,7,4,9,14,0,0,0,0,0
970,999,13937533639567729135,10832042300417038007,value,legacy,-1,1,0,0,2,191,205,193,190,191,134,165,0,1,17,7,9,6,0,0,1,0,0
971,999,8466027142470701854,13179348871489288744,legacy,value,1,0,1,0,1,545,574,583,545,544,409,382,2,3,41,34,21,26,0,0,0,0,0
971,999,8466027142470701854,13179348871489288744,value,legacy,-1,1,0,0,2,37,23,35,36,37,11,16,0,1,3,1,2,2,0,0,0,0,0
972,999,1671473105196174251,16223242358127820593,legacy,value,-1,1,0,0,2,215,195,220,214,215,148,142,1,1,15,16,10,12,0,0,0,0,0
972,999,1671473105196174251,16223242358127820593,value,legacy,-1,1,0,0,2,99,94,91,98,99,53,78,1,2,5,4,7,4,0,0,0,0,0
973,999,15095987322642557577,7450694264766404044,legacy,value,1,0,1,0,1,511,550,553,511,510,401,377,5,4,31,32,18,25,0,0,0,0,0
973,999,15095987322642557577,7450694264766404044,value,legacy,1,0,1,0,1,26,21,11,26,25,13,6,0,0,2,2,2,1,0,0,0,0,0
974,999,9155893173770467900,6661126281409036948,legacy,value,-1,1,0,0,2,58,46,64,57,58,35,36,1,0,1,5,3,3,0,0,0,0,0
974,999,9155893173770467900,6661126281409036948,value,legacy,1,0,1,0,1,59,77,62,59,58,40,42,2,0,3,5,3,4,0,0,0,0,0
975,999,8013646206189424163,9390665922542213927,legacy,value,-1,1,0,0,2,69,55,70,68,69,38,42,1,0,5,4,3,6,0,0,0,0,0
975,999,8013646206189424163,9390665922542213927,value,legacy,-1,1,0,0,2,264,258,259,263,264,164,177,1,6,17,17,16,13,0,0,0,0,0
976,999,7800758642696712465,12382173769722635216,legacy,value,1,0,1,0,1,144,140,137,144,143,95,83,3,1,5,5,12,12,0,0,0,0,0
976,999,7800758642696712465,12382173769722635216,value,legacy,-1,1,0,0,2,229,236,235,228,229,162,186,4,3,11,17,11,4,0,0,1,1,0
977,999,11887312561882628924,3484382644445677292,legacy,value,1,0,1,0,1,326,348,354,326,325,246,223,2,0,19,22,20,18,0,0,0,1,0
977,999,11887312561882628924,3484382644445677292,value,legacy,1,0,1,0,1,578,612,591,578,577,422,426,3,5,37,37,35,30,0,0,0,0,0
978,999,16901088703298774055,16271106742812160973,legacy,value,1,0,1,0,1,119,138,124,119,118,85,84,1,2,8,7,4,7,0,0,0,0,0
978,999,16901088703298774055,16271106742812160973,value,legacy,-1,1,0,0,2,418,400,411,417,418,285,289,7,7,23,20,24,28,0,0,0,0,0
979,999,8288783169614093811,17027615864197297830,legacy,value,1,0,1,0,1,668,708,724,668,667,502,470,4,8,38,37,35,36,0,0,0,2,0
979,999,8288783169614093811,17027615864197297830,value,legacy,-1,1,0,0,2,679,737,696,678,679,473,520,5,6,39,51,43,25,0,0,0,0,0
980,999,11774045885453064020,839429200555902231,legacy,value,-1,1,0,0,2,514,532,550,513,514,380,378,2,4,33,34,27,24,0,0,1,0,0
980,999,11774045885453064020,839429200555902231,value,legacy,1,0,1,0,1,134,136,115,134,133,83,83,1,2,6,9,10,4,0,0,0,0,0
981,999,16345592306217156879,18246125267090847651,legacy,value,-1,1,0,0,2,39,27,44,38,39,17,21,0,0,2,2,3,2,0,0,0,0,0
981,999,16345592306217156879,18246125267090847651,value,legacy,-1,1,0,0,2,74,67,69,73,74,41,55,1,1,4,3,5,4,0,0,0,0,0
982,999,8304851765974689777,10090696164766009972,legacy,value,-1,1,0,0,2,208,224,233,207,208,141,152,3,2,9,14,13,9,0,0,0,0,0
982,999,8304851765974689777,10090696164766009972,value,legacy,1,0,1,0,1,157,179,161,157,156,108,107,3,3,6,7,10,7,0,0,1,0,0
983,999,1671604434530144684,1025802878769169945,legacy,value,-1,1,0,0,2,159,159,184,158,159,121,116,2,3,9,11,7,7,0,0,0,0,0
983,999,1671604434530144684,1025802878769169945,value,legacy,-1,1,0,0,2,50,47,62,49,50,27,35,0,0,4,5,3,0,0,0,0,0,0
984,999,6511859167854430636,12148500439066475701,legacy,value,-1,1,0,0,2,63,50,74,62,63,36,40,0,0,2,5,5,3,0,0,0,0,0
984,999,6511859167854430636,12148500439066475701,value,legacy,-1,1,0,0,2,177,182,184,176,177,115,128,1,1,10,12,10,7,0,0,0,0,0
985,999,12493061107247942990,6869178542268559765,legacy,value,-1,1,0,0,2,518,546,569,517,518,378,370,2,4,25,33,33,25,0,0,0,0,0
985,999,12493061107247942990,6869178542268559765,value,legacy,-1,1,0,0,2,162,163,174,161,162,108,115,3,2,11,6,9,10,0,0,0,0,0
986,999,4169214761133189052,12633129631648749032,legacy,value,-1,1,0,0,2,124,105,134,123,124,93,82,0,0,10,9,1,8,0,0,0,0,0
986,999,4169214761133189052,12633129631648749032,value,legacy,1,0,1,0,1,41,50,30,41,40,25,21,1,0,2,3,3,2,0,0,1,0,0
987,999,17986763790613314464,14712455527554092364,legacy,value,1,0,1,0,1,83,95,68,83,82,51,49,2,0,5,6,5,4,0,0,0,0,0
987,999,17986763790613314464,14712455527554092364,value,legacy,1,0,1,0,1,175,226,188,175,174,113,127,1,0,13,8,7,10,0,0,0,0,0
988,999,16416824115180649224,13853999301248350116,legacy,value,1,0,1,0,1,74,77,62,74,73,48,46,0,0,3,6,7,2,0,0,0,0,0
988,999,16416824115180649224,13853999301248350116,value,legacy,-1,1,0,0,2,750,837,827,749,750,543,570,6,7,54,38,29,37,0,0,0,0,0
989,999,2929099344343383398,5142784692115629317,legacy,value,-1,1,0,0,2,272,270,288,271,272,193,188,2,3,16,12,12,18,0,0,0,0,0
989,999,2929099344343383398,5142784692115629317,value,legacy,-1,1,0,0,2,716,758,750,715,716,514,539,5,5,48,52,37,30,0,0,1,0,0
990,999,15746919163347231971,27963851802912239,legacy,value,-1,1,0,0,2,46,40,51,45,46,25,32,1,0,0,2,4,4,0,0,0,0,0
990,999,15746919163347231971,27963851802912239,value,legacy,-1,1,0,0,2,41,33,50,40,41,24,28,1,0,0,4,3,1,0,0,0,0,0
991,999,15223811518880480847,14920122938683661747,legacy,value,-1,1,0,0,2,100,93,111,99,100,68,68,0,0,5,7,7,7,0,0,0,0,0
991,999,15223811518880480847,14920122938683661747,value,legacy,1,0,1,0,1,103,115,97,103,102,65,58,0,1,6,5,7,4,0,0,0,0,0
992,999,9230280887268023360,3115354966161303755,legacy,value,-1,1,0,0,2,113,113,121,112,113,71,84,0,1,7,9,7,3,0,0,0,1,0
992,999,9230280887268023360,3115354966161303755,value,legacy,1,0,1,0,1,120,134,113,120,119,81,80,0,1,7,8,9,6,0,0,0,0,0
993,999,2586850604866687813,5467546841718251794,legacy,value,-1,1,0,0,2,151,141,153,150,151,98,102,0,2,9,7,8,8,0,0,0,0,0
993,999,2586850604866687813,5467546841718251794,value,legacy,-1,1,0,0,2,57,46,60,56,57,28,31,0,2,3,2,4,4,0,0,0,0,0
994,999,7404822326319185320,11446903583322424892,legacy,value,-1,1,0,0,2,132,116,137,131,132,89,86,1,0,8,12,7,4,0,0,0,0,0
994,999,7404822326319185320,11446903583322424892,value,legacy,-1,1,0,0,2,228,232,228,227,228,145,176,0,2,15,11,14,8,0,0,0,0,0
995,999,4562962814007330945,3901771404421728704,legacy,value,1,0,1,0,1,306,315,317,306,305,217,205,2,5,19,15,16,17,0,0,0,0,0
995,999,4562962814007330945,3901771404421728704,value,legacy,-1,1,0,0,2,431,435,437,430,431,299,314,8,4,28,17,19,30,0,1,0,0,0
996,999,6247014648979960900,7806844374054368665,legacy,value,1,0,1,0,1,374,397,389,374,373,277,268,5,2,19,24,22,20,0,0,0,0,0
996,999,6247014648979960900,7806844374054368665,value,legacy,-1,1,0,0,2,423,450,446,422,423,292,318,5,7,26,22,20,20,0,0,1,1,0
997,999,13303002042969672651,7073860661625884796,legacy,value,-1,1,0,0,2,124,118,141,123,124,90,90,0,1,8,9,5,4,0,0,0,0,0
997,999,13303002042969672651,7073860661625884796,value,legacy,1,0,1,0,1,41,53,36,41,40,27,23,1,0,2,2,1,1,0,0,0,0,0
998,999,16511885174561438772,8737322337408380345,legacy,value,1,0,1,0,1,319,344,330,319,318,233,233,2,5,22,17,14,15,0,0,0,0,0
998,999,16511885174561438772,8737322337408380345,value,legacy,1,0,1,0,1,71,87,63,71,70,50,50,1,1,7,2,2,5,0,0,0,0,0
999,999,5166271081346890920,178473300824717251,legacy,value,1,0,1,0,1,68,85,58,68,67,46,41,1,2,4,4,4,2,0,0,0,0,0
999,999,5166271081346890920,178473300824717251,value,legacy,-1,1,0,0,2,256,275,268,255,256,170,184,2,0,12,16,17,13,0,0,0,0,0
